UF,Cidade,Urna,Data Leitura UTC,Zona,Secao,Turno,Qr Code
PE,Jaboatão Dos Guararapes,1186497,2016-10-30 20:13:10.907,101,1,2,QRBU:1:1 VRQR:1.4 ORIG:VOTA PROC:185 DTPL:20161030 PLEI:188 TURN:2 FASE:O UNFE:PE MUNI:24570 ZONA:101 SECA:1 IDUE:1186497 IDCA:370757488588388650453081 VERS:5.25.0.1 LOCA:1015 APTO:394 COMP:295 FALT:99 DTAB:20161030 HRAB:080000 DTFC:20161030 HRFC:170047 IDEL:221 CARG:11 TIPO:0 VERC:201610061907 12:112 22:130 NOMI:242 BRAN:17 NULO:36 TOTC:295 HASH:CF20FE84112DE58617D7711C6B7E1DAB658C47C0536F53EE77E1477CD9CE70C43AF6FBFBD4964B85B5BAE4C6AB47713A65754192CDE193E340C3DAB69D21155D ASSI:7206F91EEAD3F194CB46FFEA1A82073033ADEAB5CCBFB16B9E305FDACB48F6B5F8595F723CB5754028E02125E60C52E8AFA0237F60BF3CE16CB96AF7047F6F06
PR,Maringá,1322038,2016-10-30 19:07:25.900,66,1,2,QRBU:1:1 VRQR:1.4 ORIG:VOTA PROC:185 DTPL:20161030 PLEI:188 TURN:2 FASE:O UNFE:PR MUNI:76910 ZONA:66 SECA:1 IDUE:1322038 IDCA:172225289235846795038614 VERS:5.25.0.1 LOCA:1015 APTO:228 COMP:179 FALT:49 HBMA:30 DTAB:20161030 HRAB:080000 DTFC:20161030 HRFC:170105 IDEL:221 CARG:11 TIPO:0 VERC:201610191155 11:118 12:59 NOMI:177 BRAN:1 NULO:1 TOTC:179 HASH:B8B108AA6D4B9473F4D40E014AC1370B3A0651DA268A47183AC43AE7889CB5DA864145A9F76E75AA108CB7ED516EAEA5C6469147BDFBF51BCB13AC401B1225C8 ASSI:AF63F4C464704B8FD70FA56265203CF1C9E7AD4B122A6A2EE8DAF9CE2E34D05EBF29FBFC1000992F52934E9FF6DD2F8F080AA2C0FF5A7ACE4709D4C41FCDF90A
RJ,Rio De Janeiro,1824637,2016-10-30 19:16:59.753,246,103,2,QRBU:1:1 VRQR:1.4 ORIG:VOTA PROC:185 DTPL:20161030 PLEI:188 TURN:2 FASE:O UNFE:RJ MUNI:60011 ZONA:246 SECA:103 IDUE:1824637 IDCA:746086163507914205410020 VERS:5.25.0.1 LOCA:1201 APTO:481 COMP:396 FALT:85 DTAB:20161030 HRAB:080000 DTFC:20161030 HRFC:170229 IDEL:221 CARG:11 TIPO:0 VERC:201610190905 10:251 50:78 NOMI:329 BRAN:16 NULO:51 TOTC:396 HASH:FCAA19E7941CB308984EB9920BD2C2BD36B166B9A1C27C0AF3F99F3B258B645D62B701190F162F0845201F8E88B917EB70767ADFD3DD50596C9891CBA0B9F3BC ASSI:BA040F0A2092D64B038484FEE8A5CC56A5F507A6C5F1BF991117FAADAEC0A6A006B6C7B4BC295DBA5A3DCC88D8D73F563C4885A7AE59B2908A250FDDFA57B70A
PE,Recife,1815283,2016-10-30 21:58:54.037,8,105,2,QRBU:1:1 VRQR:1.4 ORIG:VOTA PROC:185 DTPL:20161030 PLEI:188 TURN:2 FASE:O UNFE:PE MUNI:25313 ZONA:8 SECA:105 IDUE:1815283 IDCA:568244200641565950768486 VERS:5.25.0.1 LOCA:1171 APTO:334 COMP:290 FALT:44 HBMA:26 DTAB:20161030 HRAB:080000 DTFC:20161030 HRFC:170127 IDEL:221 CARG:11 TIPO:0 VERC:201610061907 13:89 40:174 NOMI:263 BRAN:10 NULO:17 TOTC:290 HASH:1F8628265AC0FDA8ABB34F033432CDC410A046AA1FB3F752926A65F2FD4E11DB379B652B7F8F6744F4B806AAAD3A131163B8786310BDB392B8AB16FC6FD6712E ASSI:08B8474A3E4D9D646FF0A45B967C3E2F47163544A9109F9587877F6DA0E254E414A9C0674DD523993ABB20B45CF614C093996A15296E6DB2997B50700BA27404
MG,Belo Horizonte,1171166,2016-10-30 19:29:06.213,334,106,2,QRBU:1:1 VRQR:1.4 ORIG:VOTA PROC:185 DTPL:20161030 PLEI:188 TURN:2 FASE:O UNFE:MG MUNI:41238 ZONA:334 SECA:106 IDUE:1171166 IDCA:168808914500779997587206 VERS:5.25.0.1 LOCA:1104 APTO:423 COMP:310 FALT:113 HBMA:6 DTAB:20161030 HRAB:080000 DTFC:20161030 HRFC:170206 IDEL:221 CARG:11 TIPO:0 VERC:201610190939 31:138 45:111 NOMI:249 BRAN:12 NULO:49 TOTC:310 HASH:2E7F856365FADAC97714D0AA35FA24367B11800CE03A99E243D729DB7925D2B4F2DF97710C9F44511A13AB1D95077B4375795EE8566777B5BFCAFCF0C351B308 ASSI:C34CA54EE103F2B06DFC7E799F59F4B58BD36646A36A971274DE584E41BE39BB180304A1AE17C3FBDCB9A977B61F8B1435EC4B5A2119D61887823D16613BB904
PE,Recife,1818456,2016-10-30 21:59:14.920,8,106,2,QRBU:1:1 VRQR:1.4 ORIG:VOTA PROC:185 DTPL:20161030 PLEI:188 TURN:2 FASE:O UNFE:PE MUNI:25313 ZONA:8 SECA:106 IDUE:1818456 IDCA:376325122222305123760872 VERS:5.25.0.1 LOCA:1171 APTO:335 COMP:292 FALT:43 HBMA:36 DTAB:20161030 HRAB:080000 DTFC:20161030 HRFC:170958 IDEL:221 CARG:11 TIPO:0 VERC:201610061907 13:81 40:172 NOMI:253 BRAN:10 NULO:29 TOTC:292 HASH:7320EF35D80C6BBE732DD2CA9EA3E1FEBD243059135BFC5058CE49A1C9EE892D678751ADCE22E5601A4A22E50CD9FA628DF72B8EC90DD90CBBEB9FE82C83D677 ASSI:1AAAEF7985EA447CD8E09DD39F50DAA09803813B447561ABB35FB015EB672419E59F96A1C6A3EEF5979A4320EC8A47C6E985F0982B5ABA1AB4A018428A7DB402
PE,Recife,1813228,2016-10-30 22:01:46.877,8,107,2,QRBU:1:1 VRQR:1.4 ORIG:VOTA PROC:185 DTPL:20161030 PLEI:188 TURN:2 FASE:O UNFE:PE MUNI:25313 ZONA:8 SECA:107 IDUE:1813228 IDCA:921880780377317487542160 VERS:5.25.0.1 LOCA:1171 APTO:333 COMP:273 FALT:60 HBMA:16 DTAB:20161030 HRAB:080000 DTFC:20161030 HRFC:170029 IDEL:221 CARG:11 TIPO:0 VERC:201610061907 13:84 40:154 NOMI:238 BRAN:6 NULO:29 TOTC:273 HASH:316F18678268440513581669166A4E3D1EAA6179ABA7849789ABCE0EDBFC588BD11524FEEFC37016902EEC31E026B901525834A03F08D48C3629500CEB63F1A3 ASSI:45E78BFAA5AAF5A4DFCB5CFC6C25B306D9E5D1139AC197413F2D132224CDDA4E0942EE58C9E2C31D288EA0CBAE4A2D58A677958C5DB05F60A4C15A802F2DA008
MG,Belo Horizonte,1111007,2016-10-30 19:27:24.360,334,108,2,QRBU:1:1 VRQR:1.4 ORIG:VOTA PROC:185 DTPL:20161030 PLEI:188 TURN:2 FASE:O UNFE:MG MUNI:41238 ZONA:334 SECA:108 IDUE:1111007 IDCA:694161666853172942627456 VERS:5.25.0.1 LOCA:1104 APTO:476 COMP:356 FALT:120 HBMA:6 DTAB:20161030 HRAB:080000 DTFC:20161030 HRFC:170133 IDEL:221 CARG:11 TIPO:0 VERC:201610190939 31:142 45:132 NOMI:274 BRAN:13 NULO:69 TOTC:356 HASH:9CDC0366734D5C69109F4DB240E63755D32F85FBD3306713D2F5BB727A54C56685EA75E52CD162469842740B0995145BEE609AFB869801167D88CD6AF154E7DC ASSI:E6ADB3E67C4C1057B4F69C1182A1E2096505E471518CAFF45C36582A215E63FEE91570243BBBF5A02F977A7F55C16424BE76939D0A6DBBEF3FB74FCDD5A2000C
PE,Recife,1812630,2016-10-30 21:58:38.240,8,108,2,QRBU:1:1 VRQR:1.4 ORIG:VOTA PROC:185 DTPL:20161030 PLEI:188 TURN:2 FASE:O UNFE:PE MUNI:25313 ZONA:8 SECA:108 IDUE:1812630 IDCA:871375845672912936175739 VERS:5.25.0.1 LOCA:1171 APTO:332 COMP:285 FALT:47 HBMA:24 DTAB:20161030 HRAB:080000 DTFC:20161030 HRFC:170248 IDEL:221 CARG:11 TIPO:0 VERC:201610061907 13:89 40:163 NOMI:252 BRAN:10 NULO:23 TOTC:285 HASH:EC92E565CDAF97E8B433B836D9239A6284DA6EC1C621ABF8FD1FB089870344ED1A418B72E599B2A865C7A30BE5E9D1610AB46EEC1F715F0F214BDFFBEA4536B2 ASSI:9F304FF595A5E512C3AA08E43459E14E485A8B13ADE26C8D6AC8EF35DE6275839112A57771A11A2B902FD4319765320E914D102FE3A01559F02DE84787D0550D
PE,Recife,1815336,2016-10-30 22:00:32.443,8,109,2,QRBU:1:1 VRQR:1.4 ORIG:VOTA PROC:185 DTPL:20161030 PLEI:188 TURN:2 FASE:O UNFE:PE MUNI:25313 ZONA:8 SECA:109 IDUE:1815336 IDCA:982486062783545712346979 VERS:5.25.0.1 LOCA:1171 APTO:332 COMP:293 FALT:39 HBMA:26 DTAB:20161030 HRAB:080000 DTFC:20161030 HRFC:170042 IDEL:221 CARG:11 TIPO:0 VERC:201610061907 13:88 40:168 NOMI:256 BRAN:10 NULO:27 TOTC:293 HASH:0A929D13289601A0C8401FC8911D4E4F7A9349D81AF839B59CA983A890DE26B501DB4D50E276FF9AD91840B9483E94CCB0EBEB77103117DEDC338905260202D6 ASSI:874F940C65DA055BA517307F151FCD1FE6D668CBD168504CF3B6E7B61058F9DFE1FCCC10ED404CA2CFA4EDDA07C4253930150D1D71AFAAB6AB13D2A92522FF02
PE,Recife,1774798,2016-10-30 22:01:53.797,8,110,2,QRBU:1:1 VRQR:1.4 ORIG:VOTA PROC:185 DTPL:20161030 PLEI:188 TURN:2 FASE:O UNFE:PE MUNI:25313 ZONA:8 SECA:110 IDUE:1774798 IDCA:760264926761976876993240 VERS:5.25.0.1 LOCA:1171 APTO:303 COMP:268 FALT:35 HBMA:12 DTAB:20161030 HRAB:080000 DTFC:20161030 HRFC:170040 IDEL:221 CARG:11 TIPO:0 VERC:201610061907 13:72 40:160 NOMI:232 BRAN:8 NULO:28 TOTC:268 HASH:A9ECC31FBEA63A4A93D561031720DA1F3BAF74C84103FF154A1AEB81B2AAEB7A99AC6DBF0AF8C1CED580258245AEF28BC0DA2892ED50749D2B416136D89CF9C9 ASSI:51427DB8EB40DC4322DECD8553B8BF3FFA23530C3403EBC967EDDA140A47624D1594D93AB32E1FE29F41F6C273BEFBB9C96C93D476E5AA4E6DD97C9DCAF09209
PE,Recife,1774423,2016-10-30 22:00:57.550,8,111,2,QRBU:1:1 VRQR:1.4 ORIG:VOTA PROC:185 DTPL:20161030 PLEI:188 TURN:2 FASE:O UNFE:PE MUNI:25313 ZONA:8 SECA:111 IDUE:1774423 IDCA:315719587916270490154158 VERS:5.25.0.1 LOCA:1171 APTO:331 COMP:279 FALT:52 HBMA:24 DTAB:20161030 HRAB:080000 DTFC:20161030 HRFC:170136 IDEL:221 CARG:11 TIPO:0 VERC:201610061907 13:88 40:169 NOMI:257 BRAN:6 NULO:16 TOTC:279 HASH:88723596220C57F549DDE1C6E2FCE14FCE84E21B0E6D6CC4E9404F250CB002D6C5C982950D78125D32952B3460357C4D4FF6572E2F8B6E02141DC868FC35B9F8 ASSI:623AD8B424C6138E3916066CE8D8DE9C7A0929ACF8E86EBFC92EF529807FEF965431B734FE923EC4BDC05FCA44FC57173148FBBDFCB9DBECA21971AB7DDE6F00
RJ,Rio De Janeiro,1232845,2016-10-30 21:03:32.417,229,112,2,QRBU:1:1 VRQR:1.4 ORIG:VOTA PROC:185 DTPL:20161030 PLEI:188 TURN:2 FASE:O UNFE:RJ MUNI:60011 ZONA:229 SECA:112 IDUE:1232845 IDCA:877392870619015661949696 VERS:5.25.0.1 LOCA:1180 APTO:491 COMP:343 FALT:148 DTAB:20161030 HRAB:080000 DTFC:20161030 HRFC:170032 IDEL:221 CARG:11 TIPO:0 VERC:201610190905 10:155 50:125 NOMI:280 BRAN:9 NULO:54 TOTC:343 HASH:67069CD458E185724C1B19F13B79DF2BD70F3638A3CBDF5A11687200745C62FC97D04750E3075B8C0DB1DE820A4A040A69DC264BC0C334AE237E941485155E80 ASSI:73165FD30C5F1C9A2E4D37EF88B4F9DEC8FBACAEF13C3EF71A0CD47D6B7C64C2CF0187FBCCF6B78AE82A4D2AE99553414E29D1928542C7B189B6E7DA04BC330C
MG,Belo Horizonte,1156282,2016-10-30 19:26:19.610,334,112,2,QRBU:1:1 VRQR:1.4 ORIG:VOTA PROC:185 DTPL:20161030 PLEI:188 TURN:2 FASE:O UNFE:MG MUNI:41238 ZONA:334 SECA:112 IDUE:1156282 IDCA:754767132024598319713166 VERS:5.25.0.1 LOCA:1104 APTO:475 COMP:337 FALT:138 HBMA:9 DTAB:20161030 HRAB:080000 DTFC:20161030 HRFC:170038 IDEL:221 CARG:11 TIPO:0 VERC:201610190939 31:143 45:119 NOMI:262 BRAN:21 NULO:54 TOTC:337 HASH:1B7098BB538319E57B3A37BA0561C0C0553326BE6620103B878483DC2682FF53AFA5222066B35E5285A14D4B4BD05AC0AB2910EA30C0C8B6737A5D1B12D341F6 ASSI:44BDC767AAF34980FB3ABA0768F024F7CE7BA5444B700A9AD0CD77DDF5550AAC53816197E231D031117508013E5CDA795A5528991DE271BAE0231D6CEE9FBB0C
PE,Recife,1772817,2016-10-30 21:59:28.097,8,112,2,QRBU:1:1 VRQR:1.4 ORIG:VOTA PROC:185 DTPL:20161030 PLEI:188 TURN:2 FASE:O UNFE:PE MUNI:25313 ZONA:8 SECA:112 IDUE:1772817 IDCA:517739893436587178183135 VERS:5.25.0.1 LOCA:1171 APTO:332 COMP:284 FALT:48 HBMA:18 DTAB:20161030 HRAB:080000 DTFC:20161030 HRFC:170020 IDEL:221 CARG:11 TIPO:0 VERC:201610061907 13:84 40:168 NOMI:252 BRAN:10 NULO:22 TOTC:284 HASH:7FB95073CADDAF485CC4F38CCB617BD5D274B0EFB758C923CC027F14E75BAC296DA69D33F06C488E2ED365AC9FED1A144D4B9B18DB7024AB7A6C886678C9B78E ASSI:23097918C7BFF14EA806BC47A83B0F18379369513CB56B69EF6324B77ECBB825EA12AD43C19E1680397B740F2823B293C85C7BDFCAD2F32B1EFCA01F4FE8D000
RJ,Rio De Janeiro,1231724,2016-10-30 21:02:06.457,229,113,2,QRBU:1:1 VRQR:1.4 ORIG:VOTA PROC:185 DTPL:20161030 PLEI:188 TURN:2 FASE:O UNFE:RJ MUNI:60011 ZONA:229 SECA:113 IDUE:1231724 IDCA:463277951852929844379883 VERS:5.25.0.1 LOCA:1180 APTO:493 COMP:345 FALT:148 DTAB:20161030 HRAB:080000 DTFC:20161030 HRFC:170016 IDEL:221 CARG:11 TIPO:0 VERC:201610190905 10:156 50:125 NOMI:281 BRAN:14 NULO:50 TOTC:345 HASH:E512B8E70F9649A3E3B5D387CDBB409CE3934436C5193775A5A34CE4DA27413BDBB450BCDA7F0218632AAD0A87812ADCD2B5325C9CF5A1DD5646300ECF98232F ASSI:7986FF11B7B074E5AF7720EC5F2B04CC96FC5B02008F1C0ABFC797E750FB0D559F20291E360B6024935AD82003A8415B81AFD991766539B75460E026C7AC5202
PE,Recife,1807570,2016-10-30 21:59:39.223,8,113,2,QRBU:1:1 VRQR:1.4 ORIG:VOTA PROC:185 DTPL:20161030 PLEI:188 TURN:2 FASE:O UNFE:PE MUNI:25313 ZONA:8 SECA:113 IDUE:1807570 IDCA:558143049540871775274536 VERS:5.25.0.1 LOCA:1171 APTO:334 COMP:289 FALT:45 HBMA:33 DTAB:20161030 HRAB:080000 DTFC:20161030 HRFC:170015 IDEL:221 CARG:11 TIPO:0 VERC:201610061907 13:84 40:177 NOMI:261 BRAN:7 NULO:21 TOTC:289 HASH:10BF392797F4F2608A7ED33F272083D919A3D3235543F43F0E8CC8AAB8498F6A38C4968BBEA84B96694FA65927A5F7C9F2A3BB72E7243D490037B4AE9A016DE5 ASSI:7589705956B1725A5F1265FA49F5850466BE5E0819D4543CDF070E30C25B325CDE3FF411A2576262B029F0F4EB2CF9B23CD215A8B9B7CDC563BBD1AA6B9CED04
RJ,Rio De Janeiro,1825649,2016-10-30 19:15:07.990,246,115,2,QRBU:1:1 VRQR:1.4 ORIG:VOTA PROC:185 DTPL:20161030 PLEI:188 TURN:2 FASE:O UNFE:RJ MUNI:60011 ZONA:246 SECA:115 IDUE:1825649 IDCA:685480396714266214120689 VERS:5.25.0.1 LOCA:1201 APTO:479 COMP:389 FALT:90 DTAB:20161030 HRAB:080000 DTFC:20161030 HRFC:170220 IDEL:221 CARG:11 TIPO:0 VERC:201610190905 10:270 50:62 NOMI:332 BRAN:10 NULO:47 TOTC:389 HASH:F3F27A50A78979045CE11D3CF3A71742EDB08D6D9361AC3C6D9784EB7D6AE3654BC1E60D54E235979946F1D5E32AC98B7287C2AE3409626F0EF102C80AAC1E60 ASSI:75262EF4EE63DB3170B3790B21F2F6776896A3CE096B7DB56A505D60C6269331F03DBCD5087FE3E1CCB047DE1FE359674897FF95B8AC1DF16748DA629CD36003
RJ,Rio De Janeiro,1670531,2016-10-30 21:02:27.300,229,120,2,QRBU:1:1 VRQR:1.4 ORIG:VOTA PROC:185 DTPL:20161030 PLEI:188 TURN:2 FASE:O UNFE:RJ MUNI:60011 ZONA:229 SECA:120 IDUE:1670531 IDCA:059110051002183969224282 VERS:5.25.0.1 LOCA:1180 APTO:348 COMP:263 FALT:85 DTAB:20161030 HRAB:080000 DTFC:20161030 HRFC:170033 IDEL:221 CARG:11 TIPO:0 VERC:201610190905 10:134 50:88 NOMI:222 BRAN:11 NULO:30 TOTC:263 HASH:1F7F59E289DEDCD8D0B5BB6F6FF88C41C3F477DD7E6D357F16015E97E9F90B13756CF83D76E58E1575EC59D5C00793DEF2B03E5FD9892EB65A166D9949EFE5F2 ASSI:FE0A13D74590D0382FC5CEC93EA419FC2289C7911F4782712F0A59E741C08259578E2772BF371413F76FB2A2497A280EF1DE279FC0D9C03B24E7A8F3435ACF0B
PE,Jaboatão Dos Guararapes,1069185,2016-10-30 19:14:57.513,110,123,2,QRBU:1:1 VRQR:1.4 ORIG:VOTA PROC:185 DTPL:20161030 PLEI:188 TURN:2 FASE:O UNFE:PE MUNI:24570 ZONA:110 SECA:123 IDUE:1069185 IDCA:138329690932159945930331 VERS:5.25.0.1 LOCA:1090 APTO:329 COMP:239 FALT:90 DTAB:20161030 HRAB:080000 DTFC:20161030 HRFC:170330 IDEL:221 CARG:11 TIPO:0 VERC:201610061907 12:80 22:115 NOMI:195 BRAN:15 NULO:29 TOTC:239 HASH:152DC6C1BABCDCC2BAFACC3BC3559477ECDC12B47DBBFA12E6BD43AE5B8A2A34AB356646AF46E46D20EE128C77A8B3CED5D63E477CFAC851FF484A1A2E534B67 ASSI:67057AAD227D633569034376501E6095E0D9783100EC3713C457B7638793CD408F9942CBE4A3D172A3AD67B5E3DC12CE85C9E670B97073FE1145792C19541305
RJ,Rio De Janeiro,1824903,2016-10-30 19:14:24.397,246,124,2,QRBU:1:1 VRQR:1.4 ORIG:VOTA PROC:185 DTPL:20161030 PLEI:188 TURN:2 FASE:O UNFE:RJ MUNI:60011 ZONA:246 SECA:124 IDUE:1824903 IDCA:483460156137072714293753 VERS:5.25.0.1 LOCA:1201 APTO:483 COMP:403 FALT:80 DTAB:20161030 HRAB:080000 DTFC:20161030 HRFC:170106 IDEL:221 CARG:11 TIPO:0 VERC:201610190905 10:276 50:69 NOMI:345 BRAN:16 NULO:42 TOTC:403 HASH:0747ACB778FA323572CA8EC07DF5FEAC4790BEA54A8B28A66C41228BB402FB6EB19D0405BE81E6B9ADA8EB179D64D01868BA5D2AECB1BC1D116338F18AA0D2D1 ASSI:FE52018B960466E9A4FC22E75D6B7D4C739FE5BFFF9CD57C18B741EA62E6868CD6978E615CF31D8462E1FDFB6E13AFAEC8DAE8AF5634EE1EB0898E047F367209
SP,São Bernardo Do Campo,1167544,2016-10-30 19:46:39.580,284,130,2,QRBU:1:1 VRQR:1.4 ORIG:VOTA PROC:185 DTPL:20161030 PLEI:188 TURN:2 FASE:O UNFE:SP MUNI:70750 ZONA:284 SECA:130 IDUE:1167544 IDCA:179835477749399872925213 VERS:5.25.0.1 LOCA:1104 APTO:358 COMP:277 FALT:81 DTAB:20161030 HRAB:080000 DTFC:20161030 HRFC:170104 IDEL:221 CARG:11 TIPO:0 VERC:201610181756 23:87 45:126 NOMI:213 BRAN:16 NULO:48 TOTC:277 HASH:DC8A660BE100B06604184DD80F99F477D285355C1B5068D1D825C205DA5DCD3E4A8EA2D309FA8970EA8D0312CE9C06602DDF7DD74C6234D5AF4AF19E0BFBEFA3 ASSI:ECE75933E331D941B24A560351F8577B02E8AFC9A5F8E4C7C2371DD19C5D7B61D47C4569C611A0F0F597647BF9BF6CC420D43A60C246C104221B3D116AB6F107
RJ,Rio De Janeiro,1226077,2016-10-30 20:17:05.740,229,133,2,QRBU:1:1 VRQR:1.4 ORIG:VOTA PROC:185 DTPL:20161030 PLEI:188 TURN:2 FASE:O UNFE:RJ MUNI:60011 ZONA:229 SECA:133 IDUE:1226077 IDCA:634994260232517969684688 VERS:5.25.0.1 LOCA:1139 APTO:496 COMP:423 FALT:73 DTAB:20161030 HRAB:080000 DTFC:20161030 HRFC:170151 IDEL:221 CARG:11 TIPO:0 VERC:201610190905 10:124 50:228 NOMI:352 BRAN:18 NULO:53 TOTC:423 HASH:C04286795392540857D47C21E654519E36A815EBBC58860D3D0EF9120D401CF8D4B7750D7C0D2927F23B70C98A31EF3C8EBE221B2870BAC24A1CA753F77B9DA4 ASSI:F9A211C4BD707CBAD3A876671A03F6B864D77CA6C8070FC47D149F8C30AF48D5B935C21A1183623B8D08E9E50D8DBFD62CC502D86FA7D3FC3CC1350F74714F06
SC,Joinville,1777597,2016-10-30 20:52:32.050,19,134,2,QRBU:1:1 VRQR:1.4 ORIG:VOTA PROC:185 DTPL:20161030 PLEI:188 TURN:2 FASE:O UNFE:SC MUNI:81795 ZONA:19 SECA:134 IDUE:1777597 IDCA:302036042504673729383767 VERS:5.25.0.1 LOCA:1023 APTO:332 COMP:291 FALT:41 HBMA:19 DTAB:20161030 HRAB:080000 DTFC:20161030 HRFC:170009 IDEL:221 CARG:11 TIPO:0 VERC:201610191301 15:211 55:53 NOMI:264 BRAN:4 NULO:23 TOTC:291 HASH:0D7351246ACAB2EEF2D26B47EF1DBC26A51612E80D257304D8F99AB15D867AE51F9B75749B4039EC1DE036CFBE6ACCDB6821DAD3CBA62075BCA845D689EF0197 ASSI:1F9ECEC0DCF573F15F02355BD001FB4CA5C5AF2CBEB98E455EDCF86942FC366B3A8309CFAB40B1716158571B63AB3687B563C6BD65ECA328844E0C13A2D73204
RJ,Rio De Janeiro,1825191,2016-10-30 19:13:27.313,246,139,2,QRBU:1:1 VRQR:1.4 ORIG:VOTA PROC:185 DTPL:20161030 PLEI:188 TURN:2 FASE:O UNFE:RJ MUNI:60011 ZONA:246 SECA:139 IDUE:1825191 IDCA:756187042282709737433212 VERS:5.25.0.1 LOCA:1201 APTO:484 COMP:408 FALT:76 DTAB:20161030 HRAB:080000 DTFC:20161030 HRFC:170235 IDEL:221 CARG:11 TIPO:0 VERC:201610190905 10:276 50:70 NOMI:346 BRAN:19 NULO:43 TOTC:408 HASH:9C6BA9F52BBC63F5D7CE7E59EAAE99491D13FACDA6E628F57E1350D76306F82982C6A6A485F1BAB7658808502E51CE736154A0E176BB60393C947D22780F9E05 ASSI:4803DDFCFDE235003C51A7FE30E5C77C550B4FB6CC574C205E734AA68B130009883456657279E38DB475593AE662CC5F3EB0375DD5F54581170CF1D2EA2BBD06
SP,Ribeirão Preto,1679026,2016-10-30 19:10:45.657,322,148,2,QRBU:1:1 VRQR:1.4 ORIG:VOTA PROC:185 DTPL:20161030 PLEI:188 TURN:2 FASE:O UNFE:SP MUNI:69698 ZONA:322 SECA:148 IDUE:1679026 IDCA:561619814191086215807613 VERS:5.25.0.1 LOCA:1210 APTO:391 COMP:302 FALT:89 HBMA:1 DTAB:20161030 HRAB:080000 DTFC:20161030 HRFC:170032 IDEL:221 CARG:11 TIPO:0 VERC:201610181820 12:137 45:100 NOMI:237 BRAN:9 NULO:56 TOTC:302 HASH:C302775DD4398E15F49EB0BABF67B8B71CC97BBBEA7280AA88C507383B55D410DBC04A3507AB3A88842EF19947E67C5B8723DFC238A4690A1BC31FAA997AA6C5 ASSI:9822242E23F7639527B85D5CA7332DF5F8FE110B08DC4E6634D83B03546EEB794ADE636DE733100823B1766EB84D23C1865708CD74F87A3C022A1127D9EDA308
BA,Vitória Da Conquista,1269763,2016-10-30 19:55:30.637,41,150,2,QRBU:1:1 VRQR:1.4 ORIG:VOTA PROC:185 DTPL:20161030 PLEI:188 TURN:2 FASE:O UNFE:BA MUNI:39659 ZONA:41 SECA:150 IDUE:1269763 IDCA:110350552361040717728498 VERS:5.25.0.1 LOCA:1015 APTO:394 COMP:322 FALT:72 HBMA:5 DTAB:20161030 HRAB:080000 DTFC:20161030 HRFC:170025 IDEL:221 CARG:11 TIPO:0 VERC:201610191445 13:118 15:177 NOMI:295 BRAN:5 NULO:22 TOTC:322 HASH:8D1B3D0B846D12CE6D851F13F05EBD6FB26D1BA3E397BDC71193D1D6908A9C158A0E9ACD3C1F7C550AB902956B8F06CEAD8A5B11ECBB280FA174E86DBFCB1FF0 ASSI:5A4313E95A195EB8698386B0DF308833751548C1D5EE1200D9F0369D4FD367B0E11A92A1E7112F01BD7F13158DB3F29AC83BD01A1D2EF7E92D771B174FD3340E
RJ,Rio De Janeiro,1825203,2016-10-30 19:12:03.670,246,151,2,QRBU:1:1 VRQR:1.4 ORIG:VOTA PROC:185 DTPL:20161030 PLEI:188 TURN:2 FASE:O UNFE:RJ MUNI:60011 ZONA:246 SECA:151 IDUE:1825203 IDCA:321844870512701862517089 VERS:5.25.0.1 LOCA:1201 APTO:481 COMP:375 FALT:106 DTAB:20161030 HRAB:080000 DTFC:20161030 HRFC:170151 IDEL:221 CARG:11 TIPO:0 VERC:201610190905 10:286 50:43 NOMI:329 BRAN:13 NULO:33 TOTC:375 HASH:A95B512CD1B580E882E5A4BC38D5789E4D9AF8D631EA2C82F0BA1C6BC5F3D0374CAFC07B84B42C1E608CE9E80C85FFF0EA67FE3584049B2872A0EB183C7B23DB ASSI:2A5BEBBEEE09508A621CAFDBAB104007112D2727FEC993275AFD9B2EEC764D1E8D2024D192B814F349AA60FB7E22D131E67351F08A412AC7ECC245B6CEB21103
PR,Maringá,1316811,2016-10-30 19:14:21.343,66,151,2,QRBU:1:1 VRQR:1.4 ORIG:VOTA PROC:185 DTPL:20161030 PLEI:188 TURN:2 FASE:O UNFE:PR MUNI:76910 ZONA:66 SECA:151 IDUE:1316811 IDCA:515659062269453932337369 VERS:5.25.0.1 LOCA:1015 APTO:344 COMP:262 FALT:82 HBMA:19 DTAB:20161030 HRAB:080000 DTFC:20161030 HRFC:170125 IDEL:221 CARG:11 TIPO:0 VERC:201610191155 11:153 12:99 NOMI:252 BRAN:3 NULO:7 TOTC:262 HASH:C8A14D74F0461D4480EFE1BE2689FBF0A7AA787D3EA9CA2AFECD7EE47960F546EB0408130517A0BCE85004C43269E6ACADA1CE39C421526E0FF1F11AD5E0401E ASSI:E3D8B9A432B032ADE129C09F6062795A227C36C3F20AD993AD2F2BAEFC5E53A68C5E5D6E3678725D29D0D47D9811A522A2ADE6C061EC7EF5CF12F49B5ED4810E
CE,Fortaleza,1621859,2016-10-30 20:44:28.687,114,152,2,QRBU:1:1 VRQR:1.4 ORIG:VOTA PROC:185 DTPL:20161030 PLEI:188 TURN:2 FASE:O UNFE:CE MUNI:13897 ZONA:114 SECA:152 IDUE:1621859 IDCA:046064707850913536123388 VERS:5.25.0.1 LOCA:1244 APTO:421 COMP:371 FALT:50 HBMA:2 DTAB:20161030 HRAB:080000 DTFC:20161030 HRFC:170112 IDEL:221 CARG:11 TIPO:0 VERC:201610190727 12:147 22:195 NOMI:342 BRAN:9 NULO:20 TOTC:371 HASH:015751607FEE92B66A3C8A618EE24AF4B358470D8EC8F72CE5325397BF5639ACD0320E09D58C663976C2E57733BBBE1881F6285E4880E84341CA254418C7FDFA ASSI:737AB650BEAA96D3392B4900941EFFECF552CCEA286C732A7E43570419F24944609243877E11A70B6E40CF225108D3944655246D410105FB384794C04527B00B
SC,Joinville,1804873,2016-10-30 19:22:41.913,96,156,2,QRBU:1:1 VRQR:1.4 ORIG:VOTA PROC:185 DTPL:20161030 PLEI:188 TURN:2 FASE:O UNFE:SC MUNI:81795 ZONA:96 SECA:156 IDUE:1804873 IDCA:039332136413866042095365 VERS:5.25.0.1 LOCA:1082 APTO:335 COMP:295 FALT:40 HBMA:13 DTAB:20161030 HRAB:080000 DTFC:20161030 HRFC:170018 IDEL:221 CARG:11 TIPO:0 VERC:201610191301 15:208 55:66 NOMI:274 BRAN:3 NULO:18 TOTC:295 HASH:B9209E76ECFEA35F0F54AC39448EF227C8BCDA107A4A6B384A0343F9428B673B363E3AF1B5B821EFCA4B7B5A2303B8C7142656C8BC0936CFBBDC0286C3257203 ASSI:02A6F2264A6EF3E9F96AB1DA28E2F62412681965CC15A447B5FD1C6AC8642A8D5E33FB15978251F46289E633E1DB92C20E6DDD0CBA8385A0F21C6167357F120C
SP,Ribeirão Preto,1677213,2016-10-30 19:08:41.960,322,163,2,QRBU:1:1 VRQR:1.4 ORIG:VOTA PROC:185 DTPL:20161030 PLEI:188 TURN:2 FASE:O UNFE:SP MUNI:69698 ZONA:322 SECA:163 IDUE:1677213 IDCA:298992137264622228468032 VERS:5.25.0.1 LOCA:1210 APTO:389 COMP:302 FALT:87 HBMA:3 DTAB:20161030 HRAB:080000 DTFC:20161030 HRFC:170112 IDEL:221 CARG:11 TIPO:0 VERC:201610181820 12:155 45:83 NOMI:238 BRAN:11 NULO:53 TOTC:302 HASH:D7A0B6DC6F6B4DDA2F6A9BF4A7583FA660AA3AC75AF081910D984E4266CA442F9239B030E06A3F2320F9203D827B52AA002F1FD4ABE05DEEC66C4F24EC953920 ASSI:27F0652F18C4173076C4CC32F43BAA05F3172DF9535774F51B67EB94CAA410E7D864A63CC10D8D461F29F5334AC0F379A3A2EB8BD719441E6B1266669948D60B
MG,Belo Horizonte,1155511,2016-10-30 19:12:57.707,334,168,2,QRBU:1:1 VRQR:1.4 ORIG:VOTA PROC:185 DTPL:20161030 PLEI:188 TURN:2 FASE:O UNFE:MG MUNI:41238 ZONA:334 SECA:168 IDUE:1155511 IDCA:976989976846541414231071 VERS:5.25.0.1 LOCA:1163 APTO:420 COMP:329 FALT:91 HBMA:17 DTAB:20161030 HRAB:080000 DTFC:20161030 HRFC:170012 IDEL:221 CARG:11 TIPO:0 VERC:201610190939 31:145 45:111 NOMI:256 BRAN:13 NULO:60 TOTC:329 HASH:937BAF6A079B8D655EBBBD2FA7ACA50BD8587F0249D3369ACA400D4E8CE55166CD20291443DDD75D34FA32457516965CD269EE0793E6216F08B865CE6B7DF752 ASSI:A9CCC1D3E857005CB1844AA69F99BC2ED1EE6BF14C3909D59C792D2582BA193F853682E927208369A673AD82145FFD048CA586BAFEC8E0F63B8DE17B015EA808
RJ,São Gonçalo,1838818,2016-10-30 19:08:46.590,137,169,2,QRBU:1:1 VRQR:1.4 ORIG:VOTA PROC:185 DTPL:20161030 PLEI:188 TURN:2 FASE:O UNFE:RJ MUNI:58971 ZONA:137 SECA:169 IDUE:1838818 IDCA:654172157428796646251565 VERS:5.25.0.1 LOCA:1139 APTO:393 COMP:320 FALT:73 DTAB:20161030 HRAB:080000 DTFC:20161030 HRFC:170119 IDEL:221 CARG:11 TIPO:0 VERC:201610190929 10:125 23:111 NOMI:236 BRAN:21 NULO:63 TOTC:320 HASH:5F4022AED27150052A91EAD62DBF56BBD974DF679D88DD80C01DAF0DCE3C7187C67ECDD01A5A36C9EB1DEF6FFB92DA41C3F04C67F52A7C0CFF9647672F862186 ASSI:865E23C409B5E18FB1197D7A4813C4DF537E656EEB63375921C51176DE737D2AB6E19AA203C8F35A4BF06C563F742CA16F3EC19AD155F9BE2EA622D387A54E0B
SP,Guarulhos,1804847,2016-10-30 19:33:04.733,185,170,2,QRBU:1:1 VRQR:1.4 ORIG:VOTA PROC:185 DTPL:20161030 PLEI:188 TURN:2 FASE:O UNFE:SP MUNI:64777 ZONA:185 SECA:170 IDUE:1804847 IDCA:009120586463274538048824 VERS:5.25.0.1 LOCA:1198 APTO:392 COMP:316 FALT:76 DTAB:20161030 HRAB:080000 DTFC:20161030 HRFC:170148 IDEL:221 CARG:11 TIPO:0 VERC:201610181803 25:29 40:217 NOMI:246 BRAN:30 NULO:40 TOTC:316 HASH:0DF981ABC967E81654F315B2D99AD1789BCF5043D33E9B40B52516BA8D97540441D0E6D36DCC43A3DF982F9BE4440FA4F637550FF9F571EA97829598819F52B9 ASSI:226F6F40E350343E2B4EFAE0BBF42CDEDE1590E290AF8B882C41369E8406E97763A383D24B2A3418759B55F90C70CADCC4E93CD76A5F88A92822C253BA841601
RJ,Rio De Janeiro,1825017,2016-10-30 19:07:28.587,246,172,2,QRBU:1:1 VRQR:1.4 ORIG:VOTA PROC:185 DTPL:20161030 PLEI:188 TURN:2 FASE:O UNFE:RJ MUNI:60011 ZONA:246 SECA:172 IDUE:1825017 IDCA:210733012747800915347247 VERS:5.25.0.1 LOCA:1201 APTO:477 COMP:382 FALT:95 DTAB:20161030 HRAB:080000 DTFC:20161030 HRFC:170415 IDEL:221 CARG:11 TIPO:0 VERC:201610190905 10:262 50:62 NOMI:324 BRAN:11 NULO:47 TOTC:382 HASH:5B590DC6D98ABBCCB62E5905684B92DD75B83B974DBD666B1B9D5CCC0330D03D54A62829916F1393A1ACACD619467071850947C7958A6AC31031030454B48D27 ASSI:3D23125651E426E7CC56E7662CFBBC6B0A1003A98F6CF63BAC043C2068274C65E5F5F5B664833227B3B97FC2B77334B5E782488CCFA9D0C4A99A4807DF351C06
RJ,São Gonçalo,1824937,2016-10-30 19:10:06.643,137,173,2,QRBU:1:1 VRQR:1.4 ORIG:VOTA PROC:185 DTPL:20161030 PLEI:188 TURN:2 FASE:O UNFE:RJ MUNI:58971 ZONA:137 SECA:173 IDUE:1824937 IDCA:876394786999730243674614 VERS:5.25.0.1 LOCA:1139 APTO:115 COMP:103 FALT:12 DTAB:20161030 HRAB:080000 DTFC:20161030 HRFC:170109 IDEL:221 CARG:11 TIPO:0 VERC:201610190929 10:36 23:34 NOMI:70 BRAN:9 NULO:24 TOTC:103 HASH:A2449674D420A395D5EB9D1715297C7C1DB334B0C23BC15D63072B0C99E3E4DA9456DCA873B2465AFB61C6C1D7B332A950D907DBC3CB96A42867840D762CCF08 ASSI:87E74CE1199BD7843805C791851240CEDC4A8816913239E0A223D11FB3835EA587B05641E5D33D7A8EC8E71D285207793DE6E1BDDA648A43AF5D0E264EA2180D
SP,Ribeirão Preto,1678925,2016-10-30 19:08:27.210,322,179,2,QRBU:1:1 VRQR:1.4 ORIG:VOTA PROC:185 DTPL:20161030 PLEI:188 TURN:2 FASE:O UNFE:SP MUNI:69698 ZONA:322 SECA:179 IDUE:1678925 IDCA:197982764954406060681390 VERS:5.25.0.1 LOCA:1210 APTO:384 COMP:279 FALT:105 HBMA:0 DTAB:20161030 HRAB:080000 DTFC:20161030 HRFC:170026 IDEL:221 CARG:11 TIPO:0 VERC:201610181820 12:134 45:93 NOMI:227 BRAN:5 NULO:47 TOTC:279 HASH:1A7BE306F20219260CF32F68D24FAE46C7EE365CD9A2CE8F1EB9ABB5EAC1D5FD91BC659C8EDCDB9A533B0FD5CC3966A0945FB1F1EED987006321C04F7441B3A6 ASSI:50D23682C76BB0A13155113A8A46662401435BFB1CAD7138072C8C962DE1808705A835838B6348415C4D3EA4A2FE5DC760E9B85CB76A64C2C9BE9DFE81BEC402
SC,Joinville,1772550,2016-10-30 19:04:13.293,105,186,2,QRBU:1:1 VRQR:1.4 ORIG:VOTA PROC:185 DTPL:20161030 PLEI:188 TURN:2 FASE:O UNFE:SC MUNI:81795 ZONA:105 SECA:186 IDUE:1772550 IDCA:009064314309002991977118 VERS:5.25.0.1 LOCA:1198 APTO:334 COMP:305 FALT:29 HBMA:12 DTAB:20161030 HRAB:080000 DTFC:20161030 HRFC:170058 IDEL:221 CARG:11 TIPO:0 VERC:201610191301 15:107 55:175 NOMI:282 BRAN:9 NULO:14 TOTC:305 HASH:2A6B20A6DB41D0B4E36300482FBFE960A3DF03E266A25CB311EE94487551742A9C5BF71FBD3D8B9BDA492FE99A395857AF488C3821D632FD34E68E85E6B4B641 ASSI:4C73C485F96B733E2FEC8D71FFDAA30C76AE9B6C56845629C0EB689E29642901B905B0167053B027CBCE7B4F92460E765F9463B934A6DCA2D3CF84AA31A46E0E
CE,Fortaleza,1042366,2016-10-30 20:01:20.610,82,187,2,QRBU:1:1 VRQR:1.4 ORIG:VOTA PROC:185 DTPL:20161030 PLEI:188 TURN:2 FASE:O UNFE:CE MUNI:13897 ZONA:82 SECA:187 IDUE:1042366 IDCA:440022865686220882231997 VERS:5.25.0.1 LOCA:2380 APTO:268 COMP:209 FALT:59 HBMA:2 DTAB:20161030 HRAB:080000 DTFC:20161030 HRFC:170239 IDEL:221 CARG:11 TIPO:0 VERC:201610190727 12:121 22:78 NOMI:199 BRAN:2 NULO:8 TOTC:209 HASH:74BD4A82566A2E824C323EB3FA4A52959E120F5560816EF880C675257BEA653C894C097B9CAF511D90F371BBF726D2A1E0CE65E167CBD3DF375DB0D08B9CDD2A ASSI:4048C0BD4FD8FEE64B3BE160676E17E2FC3D144D26D1B4E38F1EDEC275EA6FE2BAD473DC38354554F792BE90470CFBFB6546AAF9C343FA4531D2EF2C7E00970E
PE,Recife,1816154,2016-10-30 20:46:19.087,8,19,2,QRBU:1:1 VRQR:1.4 ORIG:VOTA PROC:185 DTPL:20161030 PLEI:188 TURN:2 FASE:O UNFE:PE MUNI:25313 ZONA:8 SECA:19 IDUE:1816154 IDCA:739961790149855785647478 VERS:5.25.0.1 LOCA:1040 APTO:159 COMP:136 FALT:23 HBMA:5 DTAB:20161030 HRAB:080000 DTFC:20161030 HRFC:170159 IDEL:221 CARG:11 TIPO:0 VERC:201610061907 13:37 40:90 NOMI:127 BRAN:5 NULO:4 TOTC:136 HASH:E7789CB1B7724258ACDA9CF8777428B3B8592038F3E2E1DE43ACE55C4AC1B6EBA4D09B4A1A86675366FD664C52B4CCDA155E96549C311F0239E6CD6ABCB5C26E ASSI:C9ABB9D103C52A5BC58CA8C46EF16E67E86DE699B238386B8E9A6C64B1C81DB11CD1CD503A4C66D67E6F887742B2A6B81CC928B784A7B78AAEE447851E6E0802
AL,Maceió,1669946,2016-10-30 20:38:53.767,3,193,2,QRBU:1:1 VRQR:1.4 ORIG:VOTA PROC:185 DTPL:20161030 PLEI:188 TURN:2 FASE:O UNFE:AL MUNI:27855 ZONA:3 SECA:193 IDUE:1669946 IDCA:963729015502781845653599 VERS:5.25.0.1 LOCA:1660 APTO:391 COMP:321 FALT:70 HBMA:19 DTAB:20161030 HRAB:080000 DTFC:20161030 HRFC:170131 IDEL:221 CARG:11 TIPO:0 VERC:201610190734 15:78 45:203 NOMI:281 BRAN:7 NULO:33 TOTC:321 HASH:EA9CF652C2FA85745364D6E6C9E8FEBECC2EAAF51AB4B891C1902DD4681B169F1B6B0AC76D8C7A8AB8D6DBDC779E93D8B9F079FFB22CA3159D99B2FD1F66DF14 ASSI:E20132513BA2D5FA5E8207A0A5C8C1FAC4C67CC897C13C9CA777EB8C2B0D5E7C20CF889CA61FCAAFB9856AB1230C6A748135F319641F7B301AE3C1DBDC882002
CE,Fortaleza,1617886,2016-10-30 20:48:32.787,118,197,2,QRBU:1:1 VRQR:1.4 ORIG:VOTA PROC:185 DTPL:20161030 PLEI:188 TURN:2 FASE:O UNFE:CE MUNI:13897 ZONA:118 SECA:197 IDUE:1617886 IDCA:722876219582477473128532 VERS:5.25.0.1 LOCA:1325 APTO:413 COMP:371 FALT:42 HBMA:4 DTAB:20161030 HRAB:080000 DTFC:20161030 HRFC:170040 IDEL:221 CARG:11 TIPO:0 VERC:201610190727 12:175 22:153 NOMI:328 BRAN:9 NULO:34 TOTC:371 HASH:249DD6AF273BB32240B387E8D7184D7BA76975923FD0698CBB2911260B3A1D1388938FAEA0A3C03DD68B05ABB4E3419F879B614B90B30F3C0063D05586AA297D ASSI:CED88124C4C34054EF35A877AD54C6345F51A1CF384F287AED649C00DB8AFDCEB1CA780B6F703B9E7E58483F4AD36287BB7820758D5C40C240FD9DEDB8E9F00D
PE,Jaboatão Dos Guararapes,1187249,2016-10-30 20:14:57.377,101,2,2,QRBU:1:1 VRQR:1.4 ORIG:VOTA PROC:185 DTPL:20161030 PLEI:188 TURN:2 FASE:O UNFE:PE MUNI:24570 ZONA:101 SECA:2 IDUE:1187249 IDCA:562676786207671305308333 VERS:5.25.0.1 LOCA:1015 APTO:384 COMP:280 FALT:104 DTAB:20161030 HRAB:080000 DTFC:20161030 HRFC:170119 IDEL:221 CARG:11 TIPO:0 VERC:201610061907 12:107 22:125 NOMI:232 BRAN:12 NULO:36 TOTC:280 HASH:3CE0F40B878034FFF8FCBC3E959CB525639C113E14A6629918FCB79A84D0B478A6ECC41026E370855962ACD2E3C4B3022356B8404860B96F0076A57E9ACDCC4F ASSI:4ECF85C49EA270627D27D04C5A1058D22869841AFAC2E238487E33F6C6A4244D251905582EC45B5915596F4CDE2305345307B84A39859FACED936BCCF7594203
PR,Maringá,1336470,2016-10-30 19:04:47.340,66,2,2,QRBU:1:1 VRQR:1.4 ORIG:VOTA PROC:185 DTPL:20161030 PLEI:188 TURN:2 FASE:O UNFE:PR MUNI:76910 ZONA:66 SECA:2 IDUE:1336470 IDCA:778285999995837809101941 VERS:5.25.0.1 LOCA:1015 APTO:192 COMP:143 FALT:49 HBMA:47 DTAB:20161030 HRAB:080000 DTFC:20161030 HRFC:170041 IDEL:221 CARG:11 TIPO:0 VERC:201610191155 11:84 12:53 NOMI:137 BRAN:4 NULO:2 TOTC:143 HASH:A64FE6100D077839E49AAC295EF9BDCF323CE2E026F7510CA464455C007191D6E9EAEBE90FE0F97791DD8A453E8141BE1DC0011CE9A58BF6879FC68EAEA3C4BF ASSI:601EB2828FD967C3F0974D4FEE1F26626A3C803DCEE9E21664F0D0765D6F364EE123EBA967F127E47B71AADDCEBC5D035FC26DD5E7A8337A8A8BD739C709F70D
SC,Joinville,1804590,2016-10-30 19:22:52.900,96,2,2,QRBU:1:1 VRQR:1.4 ORIG:VOTA PROC:185 DTPL:20161030 PLEI:188 TURN:2 FASE:O UNFE:SC MUNI:81795 ZONA:96 SECA:2 IDUE:1804590 IDCA:392968617485232651667150 VERS:5.25.0.1 LOCA:1082 APTO:215 COMP:196 FALT:19 HBMA:11 DTAB:20161030 HRAB:080000 DTFC:20161030 HRFC:170005 IDEL:221 CARG:11 TIPO:0 VERC:201610191301 15:144 55:32 NOMI:176 BRAN:5 NULO:15 TOTC:196 HASH:547A680410DDC3AB411CAB11CBDDCD87D5F5157775EF8F9D9FBE6F228B3D91881F3CAEE038BC84DBE5E8635E7CF7D718F5EB65B42B12339F7FA6CE9BFDF05FDB ASSI:971C11C00E6557AC153FE40D583562BDF8A2B6E0AD1EF26C6F8920D3A91941526D393050A41743826173210AF7988B8485F5A9BB0EFB0B6403EE39B6A4932E02
PE,Recife,1806963,2016-10-30 20:45:31.567,8,20,2,QRBU:1:1 VRQR:1.4 ORIG:VOTA PROC:185 DTPL:20161030 PLEI:188 TURN:2 FASE:O UNFE:PE MUNI:25313 ZONA:8 SECA:20 AGRE:21 IDUE:1806963 IDCA:255113390001015221935711 VERS:5.25.0.1 LOCA:1040 APTO:292 COMP:258 FALT:34 HBMA:23 DTAB:20161030 HRAB:080000 DTFC:20161030 HRFC:170025 IDEL:221 CARG:11 TIPO:0 VERC:201610061907 13:71 40:162 NOMI:233 BRAN:10 NULO:15 TOTC:258 HASH:AB2C2FF4D07540A6D78EAC09199D955DC1AF02ACCA452DBB51B0AA11862DB447681ADD12E5B15AD02589FEC391FC19CECA227BFA3DF51CB75C4A09B6235E830C ASSI:D725EFB466243DAF49CBAFBB5353B8A75DF8B6185902CA9CEB4A0EAD64F3FF02606640B3F528E2E3D9B7B959E48FF1CC64D0F83B2444BCBDC6D0812770137106
MG,Montes Claros,1323933,2016-10-30 19:25:13.543,317,202,2,QRBU:1:1 VRQR:1.4 ORIG:VOTA PROC:185 DTPL:20161030 PLEI:188 TURN:2 FASE:O UNFE:MG MUNI:48658 ZONA:317 SECA:202 IDUE:1323933 IDCA:725783127494187687349601 VERS:5.25.0.1 LOCA:1155 APTO:370 COMP:311 FALT:59 HBMA:4 DTAB:20161030 HRAB:080000 DTFC:20161030 HRFC:170055 IDEL:221 CARG:11 TIPO:0 VERC:201610191100 23:158 40:109 NOMI:267 BRAN:13 NULO:31 TOTC:311 HASH:26710849CFF83C46E3CAFD4A3F5AC6E71B5046B855CD62EF4DB5A6E6BB7700373B6F2F214E5E8EF0D4939D2A3E5B5B865CC3CAF3E0A20E8E08D91D31E780D274 ASSI:418B91FFAC54310EA4CA8DCD454336702AA80C97AF83E71D172069CC54B085A40FDB7F10E23EC7EFAAC463E19D46EFEE7A068EDC80A418F40C5F2FBF7E1E520D
MG,Montes Claros,1266073,2016-10-30 19:21:20.440,184,205,2,QRBU:1:1 VRQR:1.4 ORIG:VOTA PROC:185 DTPL:20161030 PLEI:188 TURN:2 FASE:O UNFE:MG MUNI:48658 ZONA:184 SECA:205 IDUE:1266073 IDCA:624771350961208056404836 VERS:5.25.0.1 LOCA:1090 APTO:260 COMP:194 FALT:66 HBMA:1 DTAB:20161030 HRAB:080000 DTFC:20161030 HRFC:170158 IDEL:221 CARG:11 TIPO:0 VERC:201610191100 23:107 40:63 NOMI:170 BRAN:7 NULO:17 TOTC:194 HASH:32274A97BFB5DC5D5401D55B70732EF0EF91B72455B7EA55E77BA693CC9DE0468D181EA0F3F01A786298A292B288C2201AA4E0277C2546E7F3E11E7400D24085 ASSI:9CCC68BAE4C7DB00C73A1D2ED5BEB4B05BE4955BCBA61DB2B80F6654F2A8A38420C63F9D84A22BE099E9F630464716C8D205240A32AA013CF7ED2715F76E3C0B
PE,Recife,1816527,2016-10-30 22:01:34.047,8,205,2,QRBU:1:1 VRQR:1.4 ORIG:VOTA PROC:185 DTPL:20161030 PLEI:188 TURN:2 FASE:O UNFE:PE MUNI:25313 ZONA:8 SECA:205 IDUE:1816527 IDCA:012789745183695945827785 VERS:5.25.0.1 LOCA:1171 APTO:338 COMP:291 FALT:47 HBMA:20 DTAB:20161030 HRAB:080000 DTFC:20161030 HRFC:170044 IDEL:221 CARG:11 TIPO:0 VERC:201610061907 13:106 40:142 NOMI:248 BRAN:15 NULO:28 TOTC:291 HASH:0132D9DF21D0E303E31953CB94DC5F83271F9E7CC82CB68A684FBE07FB0D514D5E3BF57925685E83F03104FD96ABD76229017985AB760BC639C03D710B6EFD5B ASSI:F6B34E71D175B133094F00EC2D120D03D73C87DA1D0F5D9287B557536E28FE3B4779B69684B4AE762320CA3D4430311ABA50A4C1612CC273337D7CD5B9B97C0A
MG,Montes Claros,1295164,2016-10-30 19:21:26.557,184,217,2,QRBU:1:1 VRQR:1.4 ORIG:VOTA PROC:185 DTPL:20161030 PLEI:188 TURN:2 FASE:O UNFE:MG MUNI:48658 ZONA:184 SECA:217 IDUE:1295164 IDCA:150024179114986858127600 VERS:5.25.0.1 LOCA:1090 APTO:263 COMP:214 FALT:49 HBMA:3 DTAB:20161030 HRAB:080000 DTFC:20161030 HRFC:170135 IDEL:221 CARG:11 TIPO:0 VERC:201610191100 23:115 40:69 NOMI:184 BRAN:9 NULO:21 TOTC:214 HASH:0139C37DFB0A5B8167955BE22966A1561D2DB7362F8B1762AD4E0263E90694902C78521B866B707DA7208A4F5048F245C308B454CA2E987A0DB0409797ABF8A8 ASSI:A5A5A442F738CEFB6B6752794F541C3C570D069D427E2EC30D5451531A36FD285F0CFCB847A31F5AA5D5C0517C185E9BACB6300B8C54C8AC3E069745D865880F
CE,Fortaleza,1619183,2016-10-30 19:01:29.387,118,219,2,QRBU:1:1 VRQR:1.4 ORIG:VOTA PROC:185 DTPL:20161030 PLEI:188 TURN:2 FASE:O UNFE:CE MUNI:13897 ZONA:118 SECA:219 IDUE:1619183 IDCA:621866862750320534303482 VERS:5.25.0.1 LOCA:1350 APTO:433 COMP:368 FALT:65 HBMA:4 DTAB:20161030 HRAB:080000 DTFC:20161030 HRFC:170115 IDEL:221 CARG:11 TIPO:0 VERC:201610190727 12:144 22:191 NOMI:335 BRAN:7 NULO:26 TOTC:368 HASH:F593ACF8CDF436FC6C4511FA15D4566859ADDC246DC44A060B02CB23C2939F12EF1FBABF19F8677039A33E753F51458B4D4F9D35C41607C4C66B60E170451E69 ASSI:B2FDF63A4DB1D9F3A176289EB8CEF4BF52339F26030FCB6A14582583C3947F02562A5428621E6ADD758A1DBD275C34E40093B53B346366E7DE4DAC581337C307
PE,Recife,1768001,2016-10-30 20:45:55.803,8,22,2,QRBU:1:1 VRQR:1.4 ORIG:VOTA PROC:185 DTPL:20161030 PLEI:188 TURN:2 FASE:O UNFE:PE MUNI:25313 ZONA:8 SECA:22 AGRE:23 IDUE:1768001 IDCA:335921693809057815458095 VERS:5.25.0.1 LOCA:1040 APTO:302 COMP:264 FALT:38 HBMA:20 DTAB:20161030 HRAB:080000 DTFC:20161030 HRFC:170105 IDEL:221 CARG:11 TIPO:0 VERC:201610061907 13:94 40:143 NOMI:237 BRAN:7 NULO:20 TOTC:264 HASH:633A3C0AD112ED8768E1B0212BFA1C821C61ABE5300A74EA23C9B31E970C7597B5B4B3A18E724FDFE96D95730D124F49DCFF7633850A41FB01AA5A4EDC6AF77A ASSI:95B6C63A2377916F769FBEDBA51CD30019209F0C7754924992E7F8698521FAC96B757960BA8C01B8407F12CFE7C2ACEFA1D6D5918FEF5CD78D6541A187E01405
PE,Recife,1811850,2016-10-30 22:00:43.633,8,233,2,QRBU:1:1 VRQR:1.4 ORIG:VOTA PROC:185 DTPL:20161030 PLEI:188 TURN:2 FASE:O UNFE:PE MUNI:25313 ZONA:8 SECA:233 IDUE:1811850 IDCA:891577618510696948495197 VERS:5.25.0.1 LOCA:1171 APTO:389 COMP:340 FALT:49 HBMA:17 DTAB:20161030 HRAB:080000 DTFC:20161030 HRFC:170027 IDEL:221 CARG:11 TIPO:0 VERC:201610061907 13:92 40:202 NOMI:294 BRAN:14 NULO:32 TOTC:340 HASH:8A4FE68D4112BE9E24A2125D11DF2F3C453EFA941BA1E721B1636A02871CF501DCBD1D1EF6E2FBF70AB59ED5503F9CACFCEFDB1AD9551D3D68F5C35F34F55D4F ASSI:BD387EE541034550C593CBB0C511AEB118435BA481994ECBF43E3A49584922779E8991B7671D1C2C5630F414BEBC368CEC440C1DCEC61FA97F4251B672C6EA04
SP,Guarulhos,1769845,2016-10-30 19:31:42.563,176,251,2,QRBU:1:1 VRQR:1.4 ORIG:VOTA PROC:185 DTPL:20161030 PLEI:188 TURN:2 FASE:O UNFE:SP MUNI:64777 ZONA:176 SECA:251 IDUE:1769845 IDCA:473871119792203119424767 VERS:5.25.0.1 LOCA:1988 APTO:382 COMP:297 FALT:85 DTAB:20161030 HRAB:080000 DTFC:20161030 HRFC:170502 IDEL:221 CARG:11 TIPO:0 VERC:201610181803 25:33 40:215 NOMI:248 BRAN:5 NULO:44 TOTC:297 HASH:7460D1C45514F1BE949C165F86F8A03A7AFD8DB658C99BDE7A6388E1B587A95516F88FA5D05E582CD4380871EEB3DE6FED5EFDCB5FD94A0248799835D5AB04C0 ASSI:B280EDC0E8D5AA7EE883124B970AD3FBED2C772874696512194B692C7F3CD1632B843B317211F4CCBA64BCC7D8CA80CFF6CA412B385D2D53207EFD58623DAC00
MG,Belo Horizonte,1175992,2016-10-30 19:25:49.257,334,252,2,QRBU:1:1 VRQR:1.4 ORIG:VOTA PROC:185 DTPL:20161030 PLEI:188 TURN:2 FASE:O UNFE:MG MUNI:41238 ZONA:334 SECA:252 IDUE:1175992 IDCA:896181640724996948373696 VERS:5.25.0.1 LOCA:1104 APTO:472 COMP:358 FALT:114 HBMA:4 DTAB:20161030 HRAB:080000 DTFC:20161030 HRFC:170159 IDEL:221 CARG:11 TIPO:0 VERC:201610190939 31:163 45:110 NOMI:273 BRAN:24 NULO:61 TOTC:358 HASH:8EBDEA235F1CDDBEF27EF3E7C3F43A3F1166DB1354485AC28A1F2C98F0B5E805BD244FFC2D554E5CF8FF289A2A058FECB05AD7E8A3B3DD3CD11F3A020B35F3F1 ASSI:631D11C65B849A389936A7A2FC74438C93EF62E4A7641F7FBA568819B3F949A4C1D5AC897719A9F0EF7968BC41A771C4656CBBC0B08AFFB63D51C02E21079105
SP,Osasco,1830643,2016-10-30 20:34:40.633,331,259,2,QRBU:1:1 VRQR:1.4 ORIG:VOTA PROC:185 DTPL:20161030 PLEI:188 TURN:2 FASE:O UNFE:SP MUNI:67890 ZONA:331 SECA:259 IDUE:1830643 IDCA:755934278648728738900312 VERS:5.25.0.1 LOCA:1031 APTO:393 COMP:292 FALT:101 DTAB:20161030 HRAB:080000 DTFC:20161030 HRFC:170233 IDEL:221 CARG:11 TIPO:0 VERC:201610181814 12:103 19:151 NOMI:254 BRAN:12 NULO:26 TOTC:292 HASH:B070BB01080B200CD8477E8F5AFEF6870DF58EA019898E60B0224A01F132553B5DEED5A98FA833E579C5AF6E813D5E05B40D03549CC9389802D6378660C0B9C7 ASSI:FD31AC5FC15F036D421E7B463193F945AAFD3F8A03040B26B0792A71222484D2473105B4F3CCC8C50E3B3710FAFDE5ED042611FF4F5D77B61A4D4E71675DC608
SP,Ribeirão Preto,1677689,2016-10-30 19:05:53.897,322,267,2,QRBU:1:1 VRQR:1.4 ORIG:VOTA PROC:185 DTPL:20161030 PLEI:188 TURN:2 FASE:O UNFE:SP MUNI:69698 ZONA:322 SECA:267 IDUE:1677689 IDCA:753538127710153336101593 VERS:5.25.0.1 LOCA:1210 APTO:200 COMP:156 FALT:44 HBMA:7 DTAB:20161030 HRAB:080000 DTFC:20161030 HRFC:170102 IDEL:221 CARG:11 TIPO:0 VERC:201610181820 12:90 45:36 NOMI:126 BRAN:5 NULO:25 TOTC:156 HASH:745A331A7A704A7A65419AE1D2B57B196BA98FEC9140B62569D6655177753D5BC9B0582AE632A81CE29AFABAD3CC5B545EC882C0FAC0BC9DC919D7D61BCCE8C1 ASSI:61971971C5805EB9C3236F39F2B0CA32377BC06356C49CECD9339E628AC227EA4DB35270A1878ED0C01AC30FFCBE74051C090F052274AF2A6A2BCAB37C41880A
SP,Guarulhos,1782701,2016-10-30 19:11:16.570,176,276,2,QRBU:1:1 VRQR:1.4 ORIG:VOTA PROC:185 DTPL:20161030 PLEI:188 TURN:2 FASE:O UNFE:SP MUNI:64777 ZONA:176 SECA:276 IDUE:1782701 IDCA:564780897835949221183110 VERS:5.25.0.1 LOCA:1988 APTO:380 COMP:301 FALT:79 DTAB:20161030 HRAB:080000 DTFC:20161030 HRFC:170208 IDEL:221 CARG:11 TIPO:0 VERC:201610181803 25:32 40:222 NOMI:254 BRAN:16 NULO:31 TOTC:301 HASH:492A0E2B9EF55297E854EF2233DE9CAEED29FE4B62BE02AF3396323624BFD89F9B6A5EAE75D426BC03BE8BE75AE03A02D6807EC9A8A752A9B73269CF1247DFA1 ASSI:FAE2A187D745339475601478B1DEDA38C48A87593285EF76B58AA7F282848ADFB2503EAA84C2C09D211D861B8F2A6615819E60880D1A5F35806ECD9205538A03
SP,Guarujá,1831443,2016-10-31 19:12:09.817,310,285,2,QRBU:1:1 VRQR:1.4 ORIG:VOTA PROC:185 DTPL:20161030 PLEI:188 TURN:2 FASE:O UNFE:SP MUNI:64750 ZONA:310 SECA:285 IDUE:1831443 IDCA:323866613838463533133980 VERS:5.25.0.1 LOCA:1317 APTO:221 COMP:167 FALT:54 DTAB:20161030 HRAB:080000 DTFC:20161030 HRFC:170042 IDEL:221 CARG:11 TIPO:0 VERC:201610181757 23:68 40:78 NOMI:146 BRAN:8 NULO:13 TOTC:167 HASH:EE1E1EC4AD6A46ECE335FFABBB90C6F704F2B8FB2D9C1D8C264D6744B0D8781A82C1A3C6B3741D1A70A8BD58E87FF07D9CE88238F61520D957C47E36E593EBE8 ASSI:647802C7CE7958524A74632223A8E28294D956A4E1AE71CF9A826FF4CF201F6E581E124CAA060811CBB845448EA6407DDCFB088703841D1BA1A26B8BC88E5B02
SP,Guarulhos,1782918,2016-10-30 19:09:21.510,176,292,2,QRBU:1:1 VRQR:1.4 ORIG:VOTA PROC:185 DTPL:20161030 PLEI:188 TURN:2 FASE:O UNFE:SP MUNI:64777 ZONA:176 SECA:292 IDUE:1782918 IDCA:756699788567490292178790 VERS:5.25.0.1 LOCA:1988 APTO:379 COMP:302 FALT:77 DTAB:20161030 HRAB:080000 DTFC:20161030 HRFC:170148 IDEL:221 CARG:11 TIPO:0 VERC:201610181803 25:39 40:213 NOMI:252 BRAN:9 NULO:41 TOTC:302 HASH:BEE83244C2469EC5BA059A1C462B24934092B794E1A742EE152F3642C13E270C77A02232269EC9E00A2927596377F327B1F89D4A2F43DF0F3FBF86BBDB9B1D01 ASSI:20E039CC38F79F92D8B3A267E59ADCA0E8AB286B55DD1EA725F099C06B84F4981405DDEDCF80661C3E60D3C7B214DC97F3FDC8F9245E7C1F76F8BB66B529B30A
AL,Maceió,1672996,2016-10-30 21:10:47.663,3,294,2,QRBU:1:1 VRQR:1.4 ORIG:VOTA PROC:185 DTPL:20161030 PLEI:188 TURN:2 FASE:O UNFE:AL MUNI:27855 ZONA:3 SECA:294 IDUE:1672996 IDCA:115244367395954221208207 VERS:5.25.0.1 LOCA:1503 APTO:394 COMP:322 FALT:72 HBMA:11 DTAB:20161030 HRAB:080000 DTFC:20161030 HRFC:170143 IDEL:221 CARG:11 TIPO:0 VERC:201610190734 15:93 45:193 NOMI:286 BRAN:9 NULO:27 TOTC:322 HASH:5E4F3728FE8D8FFA5FB8F2C4CDDF57DACD6C1005A187B9B5A6BAED2D4231D58393CAFCFAF7153085532C6E7F07BB6AD9BFAD9B07248046E50DB31EB8752ED6EB ASSI:F76A87D9168D54D1719128C6757604BC564D3B534C1DEA008951A116E9F9950371EEA1D67B9868A4D2CC9D963B8FD7B80E071FE5DA66D75F8FF9D2DEB45E4F0B
SE,Aracaju,1083562,2016-10-30 20:13:11.140,27,297,2,QRBU:1:1 VRQR:1.4 ORIG:VOTA PROC:185 DTPL:20161030 PLEI:188 TURN:2 FASE:O UNFE:SE MUNI:31054 ZONA:27 SECA:297 IDUE:1083562 IDCA:932684933691900431879764 VERS:5.25.0.1 LOCA:1627 APTO:481 COMP:369 FALT:112 HBMA:47 DTAB:20161030 HRAB:080000 DTFC:20161030 HRFC:170622 IDEL:221 CARG:11 TIPO:0 VERC:201610190756 40:174 65:150 NOMI:324 BRAN:10 NULO:35 TOTC:369 HASH:9500012C8C2D77D1B6A57D6966F6E1E260F191F8EC074B2E55500D49464F82C91E6928FFAD5D192AED150EEF35D583F47293ADDD768E273D1359FFE0372CD553 ASSI:7DD3A6AE618DCF39C1414C4C5FD767E05080935248B7BC3F37FF786C0C780208E995A31F2DAA7C13CF631E6F32322E72A986B5C057C8092900CDCCA5D421F501
PE,Jaboatão Dos Guararapes,1073471,2016-10-30 20:15:28.190,101,3,2,QRBU:1:1 VRQR:1.4 ORIG:VOTA PROC:185 DTPL:20161030 PLEI:188 TURN:2 FASE:O UNFE:PE MUNI:24570 ZONA:101 SECA:3 IDUE:1073471 IDCA:552575888206929099064594 VERS:5.25.0.1 LOCA:1015 APTO:383 COMP:273 FALT:110 DTAB:20161030 HRAB:080000 DTFC:20161030 HRFC:170021 IDEL:221 CARG:11 TIPO:0 VERC:201610061907 12:108 22:118 NOMI:226 BRAN:14 NULO:33 TOTC:273 HASH:BE0C5FFE08738CF4EFDCABAB7E36C631F7AC316DA62D412C22C66C83F86A6998C97277F993F1F6814E3CA9FCA2F3D7A97B7CA979DD34BAE975D832EF01E7EDA8 ASSI:4743D5AA4D4D0E06C0AAA86BC574951EAA388944AE9CA189D6B1A854EE937FACE0A5C2CA9929A8D25132EC19E814B95D2A1D3D146FA3262A473F6F903F17C609
PR,Maringá,1332507,2016-10-30 19:08:48.493,66,3,2,QRBU:1:1 VRQR:1.4 ORIG:VOTA PROC:185 DTPL:20161030 PLEI:188 TURN:2 FASE:O UNFE:PR MUNI:76910 ZONA:66 SECA:3 IDUE:1332507 IDCA:990407327817638408632391 VERS:5.25.0.1 LOCA:1015 APTO:199 COMP:157 FALT:42 HBMA:42 DTAB:20161030 HRAB:080000 DTFC:20161030 HRFC:170029 IDEL:221 CARG:11 TIPO:0 VERC:201610191155 11:99 12:55 NOMI:154 BRAN:1 NULO:2 TOTC:157 HASH:0154E6A116382DC57B25658AC173DE2D2B0108EE60175F17437C90227A268D7D68056C0EE98EA8D6AAF60E05E3434439BADE8BDA53F3BC2B659688BE8E0894BF ASSI:AC631853DD5588B78BC08898A8E0C5EF87B57AD2A5DB5D0CE93ED8DDDB5B65DB62DF5FF6A9336E328A1E51F48A1C23DF4BB362DF4483B29791BD583AD54F9A08
SP,Guarulhos,1782928,2016-10-30 19:33:18.277,176,308,2,QRBU:1:1 VRQR:1.4 ORIG:VOTA PROC:185 DTPL:20161030 PLEI:188 TURN:2 FASE:O UNFE:SP MUNI:64777 ZONA:176 SECA:308 IDUE:1782928 IDCA:090033243064280480187639 VERS:5.25.0.1 LOCA:1988 APTO:356 COMP:272 FALT:84 DTAB:20161030 HRAB:080000 DTFC:20161030 HRFC:170322 IDEL:221 CARG:11 TIPO:0 VERC:201610181803 25:35 40:198 NOMI:233 BRAN:10 NULO:29 TOTC:272 HASH:004FBB263F28BAD9939D7AA54365CCF0B9828F40070A7AFEE9867BADB6D17E0795D3C8CB5F7D34F16CF47AD96AF84EC78A7836F4C349C8D26A098C41202A0216 ASSI:035A689EDBC1FC749BA04A422C7FD8D557A7E4D8EBAD213B974FCB83691C8F7FBE278AF65406E73C20392DB8F3A053961415F9B74E1B4D51E20B347BABB1E901
SE,Aracaju,1038609,2016-10-30 20:13:59.193,27,313,2,QRBU:1:1 VRQR:1.4 ORIG:VOTA PROC:185 DTPL:20161030 PLEI:188 TURN:2 FASE:O UNFE:SE MUNI:31054 ZONA:27 SECA:313 IDUE:1038609 IDCA:346725017123403945147962 VERS:5.25.0.1 LOCA:1627 APTO:465 COMP:357 FALT:108 HBMA:43 DTAB:20161030 HRAB:080000 DTFC:20161030 HRFC:170225 IDEL:221 CARG:11 TIPO:0 VERC:201610190756 40:158 65:156 NOMI:314 BRAN:7 NULO:36 TOTC:357 HASH:71F06A24DBBC1A13101C403E77E4AEF6B1C5A83D2F1325B65E9436D4C8870DB9FF87D64743167A7FF01C7451B60412D64AD1BE179AF0FEDA96294138B43C2770 ASSI:BB9BBA0EE911BA7AE9FCE112CABFF02C5FBB733DBE0BBFB6067FA9DFA960AD5440ED2F5F5464AB486B67BE17BE08CA61300A9DC01C4FA9B327C8802A39CFC304
PE,Jaboatão Dos Guararapes,1019018,2016-10-30 20:30:05.720,101,314,2,QRBU:1:1 VRQR:1.4 ORIG:VOTA PROC:185 DTPL:20161030 PLEI:188 TURN:2 FASE:O UNFE:PE MUNI:24570 ZONA:101 SECA:314 IDUE:1019018 IDCA:966616748056802002647839 VERS:5.25.0.1 LOCA:1015 APTO:393 COMP:306 FALT:87 DTAB:20161030 HRAB:080000 DTFC:20161030 HRFC:170142 IDEL:221 CARG:11 TIPO:0 VERC:201610061907 12:111 22:140 NOMI:251 BRAN:11 NULO:44 TOTC:306 HASH:49FD27CA9A174952513E82A558BAC1071316FF280541F2C033685A80557C140E3AE781C848BDFAC220D0A3D8456C3586C0813C9255AA6F8CD20C17AE256DB9FF ASSI:C0A9185BDCCFBB1FB2E0F7D8803AF062D7181CF634C27AE23DAA33BB48EBB832127C6A5C66E72523F19B0BB52D78112B0E1663D5F8DD50F08B3986FC2A8A7D0A
SP,Guarulhos,1784957,2016-10-30 19:33:31.077,176,324,2,QRBU:1:1 VRQR:1.4 ORIG:VOTA PROC:185 DTPL:20161030 PLEI:188 TURN:2 FASE:O UNFE:SP MUNI:64777 ZONA:176 SECA:324 IDUE:1784957 IDCA:817205664436559758116860 VERS:5.25.0.1 LOCA:1988 APTO:378 COMP:304 FALT:74 DTAB:20161030 HRAB:080000 DTFC:20161030 HRFC:170212 IDEL:221 CARG:11 TIPO:0 VERC:201610181803 25:32 40:229 NOMI:261 BRAN:13 NULO:30 TOTC:304 HASH:250567037F3937CE2A3B66374B9647E411E4064E6B145B3742FE61557D5D4FD2879FAB0DADC7A460ED673DCD757126D4F5AD368FEA4E53209B88B8562F30AD3D ASSI:09CD2968A8D7BFB03108BB8097742AD94BC8D50BB04EA3F661B877FE0E5F02F6A4D8226E94101F0881ABB2904A2D9521FD66FEE62E011D9C851532E7BE7EDA07
SE,Aracaju,1000369,2016-10-30 20:14:24.477,27,325,2,QRBU:1:1 VRQR:1.4 ORIG:VOTA PROC:185 DTPL:20161030 PLEI:188 TURN:2 FASE:O UNFE:SE MUNI:31054 ZONA:27 SECA:325 IDUE:1000369 IDCA:084199048597484233388873 VERS:5.25.0.1 LOCA:1627 APTO:467 COMP:344 FALT:123 HBMA:53 DTAB:20161030 HRAB:080000 DTFC:20161030 HRFC:170012 IDEL:221 CARG:11 TIPO:0 VERC:201610190756 40:151 65:146 NOMI:297 BRAN:2 NULO:45 TOTC:344 HASH:C7A1720A83F9B69E4B1C2BC7EDA9F9DF43546B09C45C157B10FC23043AD0394F8203FD96E7DD68FF3F5AA7963EA824692F566C65B78F2246696E5B44CD2EC75A ASSI:6EB0EE50C2FBB2D1F8C5718484FE47C3D97BACB6FE453F8B93A05D30B54D3CC4E70083F400BF4DABC7C00F4A5DC93F81028C60DE8D8CBC519217E236913DFB03
MG,Montes Claros,1292277,2016-10-30 19:21:06.163,184,33,2,QRBU:1:1 VRQR:1.4 ORIG:VOTA PROC:185 DTPL:20161030 PLEI:188 TURN:2 FASE:O UNFE:MG MUNI:48658 ZONA:184 SECA:33 IDUE:1292277 IDCA:634872175750658120500013 VERS:5.25.0.1 LOCA:1090 APTO:263 COMP:196 FALT:67 HBMA:3 DTAB:20161030 HRAB:080000 DTFC:20161030 HRFC:170759 IDEL:221 CARG:11 TIPO:0 VERC:201610191100 23:106 40:66 NOMI:172 BRAN:4 NULO:20 TOTC:196 HASH:A3F3F094DC47456965570CE039A81B913390B15F2B4F4D2B1C35AFA4DDFFD574E9D88851FEA839F08939672405B4014E303362B60CB21D607A2B2CF109A07797 ASSI:F34C5C56D58493DEDC312828F48B1B04C82CA9DA4FD61940060252BB1779BDF98BBB811E2DF5C983696976324C0B90BF64C7213A843E8EF465F0B4AA7884B008
RJ,São Gonçalo,1824980,2016-10-30 19:08:19.647,137,34,2,QRBU:1:1 VRQR:1.4 ORIG:VOTA PROC:185 DTPL:20161030 PLEI:188 TURN:2 FASE:O UNFE:RJ MUNI:58971 ZONA:137 SECA:34 IDUE:1824980 IDCA:644071293809414106484943 VERS:5.25.0.1 LOCA:1139 APTO:398 COMP:285 FALT:113 DTAB:20161030 HRAB:080000 DTFC:20161030 HRFC:170025 IDEL:221 CARG:11 TIPO:0 VERC:201610190929 10:106 23:100 NOMI:206 BRAN:15 NULO:64 TOTC:285 HASH:AB9EEBCD8826B9775F2F6B6B61AFDB9AD14E0A60511C23BDE55D0BA33A521ACAE8E2BF1764E42C57D3160F736B4C83B6A0A94BC2947DC453A26C469129A5B8F1 ASSI:20B1840BBA3ADEC461DE8E47BC7474D9BCBE073C08147F4B720B64B959ED787494AED75A7A0A4412A86BDCF24628A4B9CB1439BAF6F7B216829B4E5D269E8109
SE,Aracaju,1191809,2016-10-30 20:15:13.060,27,347,2,QRBU:1:1 VRQR:1.4 ORIG:VOTA PROC:185 DTPL:20161030 PLEI:188 TURN:2 FASE:O UNFE:SE MUNI:31054 ZONA:27 SECA:347 IDUE:1191809 IDCA:366927689770486042555476 VERS:5.25.0.1 LOCA:1627 APTO:470 COMP:349 FALT:121 HBMA:23 DTAB:20161030 HRAB:080000 DTFC:20161030 HRFC:170150 IDEL:221 CARG:11 TIPO:0 VERC:201610190756 40:143 65:152 NOMI:295 BRAN:10 NULO:44 TOTC:349 HASH:0E2EE07F6D75DB4F8EFC16B7B659B0C70A89C0B8E05A45DBA3DF491E7BD054981CC43FCE4F6768B80F3FD315BB5827AFA5D3765C0CE3E164D8DBCEA4D3490778 ASSI:9A9920193EFB6445DC78F7CBFCCB863B1283F8DEC927C59068BEE388F38E4A1B59518A1050C0B75C25D46DE0EB9BC85E81887FBD1A697CC8432482D8FD8A4C06
RJ,Duque De Caxias,1769145,2016-10-30 19:04:57.940,66,35,2,QRBU:1:1 VRQR:1.4 ORIG:VOTA PROC:185 DTPL:20161030 PLEI:188 TURN:2 FASE:O UNFE:RJ MUNI:58335 ZONA:66 SECA:35 IDUE:1769145 IDCA:669274426714674474243023 VERS:5.25.0.1 LOCA:1074 APTO:396 COMP:273 FALT:123 DTAB:20161030 HRAB:080000 DTFC:20161030 HRFC:170023 IDEL:221 CARG:11 TIPO:0 VERC:201610190910 15:100 19:106 NOMI:206 BRAN:16 NULO:51 TOTC:273 HASH:442C535FD6A46E3DF13CAA9F4B3C35612FAF7B86D1BCEF874CE7EFBD357339F6BECD8B2E6A74FCC689789961C1B1810C41F629C6F5C2016C68EAC2AF8CA901FC ASSI:7D761767403B2A11D87A57A4D0886001E92F377D04E47852331244AACAC500A4656E687B4E33A4E25CD9F70F958EB8322D5700260BCD8D780114ED86604F770C
PE,Jaboatão Dos Guararapes,1188373,2016-10-30 20:30:14.773,101,352,2,QRBU:1:1 VRQR:1.4 ORIG:VOTA PROC:185 DTPL:20161030 PLEI:188 TURN:2 FASE:O UNFE:PE MUNI:24570 ZONA:101 SECA:352 IDUE:1188373 IDCA:087828920968074550129351 VERS:5.25.0.1 LOCA:1015 APTO:393 COMP:300 FALT:93 DTAB:20161030 HRAB:080000 DTFC:20161030 HRFC:170236 IDEL:221 CARG:11 TIPO:0 VERC:201610061907 12:121 22:115 NOMI:236 BRAN:19 NULO:45 TOTC:300 HASH:EC65461D2746AF0ABE93A4015993AAEB1EDFD63C3959A67DD92C46B6DC993223E28FC74994C682ED31C4830E9A3C941355E52498F75884F82D1ED32297CF4F45 ASSI:37E0F58CDBAEC39310DF1F3ABBE2D5102F23FA96D04869F6E888A3EA1E5284B65CC2FA351B9EFDD5FD608F77B892B9E601D56D4E8CCFEDE400A19CBB65300706
SP,Guarulhos,1783618,2016-10-30 19:03:23.150,176,36,2,QRBU:1:1 VRQR:1.4 ORIG:VOTA PROC:185 DTPL:20161030 PLEI:188 TURN:2 FASE:O UNFE:SP MUNI:64777 ZONA:176 SECA:36 IDUE:1783618 IDCA:605184475842388869850511 VERS:5.25.0.1 LOCA:1074 APTO:388 COMP:270 FALT:118 DTAB:20161030 HRAB:080000 DTFC:20161030 HRFC:170132 IDEL:221 CARG:11 TIPO:0 VERC:201610181803 25:21 40:200 NOMI:221 BRAN:9 NULO:40 TOTC:270 HASH:17CED6841DDCBD665D48CBD5B5D906702466E7FD968D9C611983BCA1440CF57CBB1AD3D2D17A225E53CBBA9C9F242A1810C5295F6B6F308599CBD9FC3D44D288 ASSI:7DDFADB7354D107F556DA577D9491B815B6BBE2B0C4DB8745436D217E4036ED97EB7411D824B2D7C0E58B7D00768255C7089F58CE45F6309AF09B27A3AC8340D
SE,Aracaju,1197716,2016-10-30 20:15:26.327,27,363,2,QRBU:1:1 VRQR:1.4 ORIG:VOTA PROC:185 DTPL:20161030 PLEI:188 TURN:2 FASE:O UNFE:SE MUNI:31054 ZONA:27 SECA:363 IDUE:1197716 IDCA:326523342455682835231772 VERS:5.25.0.1 LOCA:1627 APTO:466 COMP:352 FALT:114 HBMA:54 DTAB:20161030 HRAB:080000 DTFC:20161030 HRFC:170629 IDEL:221 CARG:11 TIPO:0 VERC:201610190756 40:174 65:122 NOMI:296 BRAN:10 NULO:46 TOTC:352 HASH:B2C24AC6B7E3BA1FED6FD7BFFD6EC25FC97D05D2C0AF3D0C14E95668E84F7A6FA70585ECA45654658B8B56480B2FDDB437D0A0B9CE7853997E73B987CC32B5A8 ASSI:044BEC97ABAE0EF98960A76290AD0506BDDC590D64DEBD8CCD74AF55EF74B1BE3DB527F6C6CD5029351F76215BD66DC6DB1019FEB6C55205AF6D76681DDB1903
PE,Jaboatão Dos Guararapes,1063161,2016-10-30 20:30:34.917,101,367,2,QRBU:1:1 VRQR:1.4 ORIG:VOTA PROC:185 DTPL:20161030 PLEI:188 TURN:2 FASE:O UNFE:PE MUNI:24570 ZONA:101 SECA:367 IDUE:1063161 IDCA:451565912942218625766099 VERS:5.25.0.1 LOCA:1015 APTO:390 COMP:316 FALT:74 DTAB:20161030 HRAB:080000 DTFC:20161030 HRFC:170138 IDEL:221 CARG:11 TIPO:0 VERC:201610061907 12:111 22:146 NOMI:257 BRAN:16 NULO:43 TOTC:316 HASH:6D705EAD237956A95A3AD808A60FF1BEB4FFD14C9E05E87DBA9BDC223CAFEA0702427DA4CD95A16F8AEF1DDB269E39ADF5EBFED3870248ACEC4C1A3D102BDD12 ASSI:AE035F9ECF8FE2592E4B379CF4E0C32091CC7E13ECB5E629C6568DCEC82F26055FC95EE4C5FCC09022101DDC38054FB0D05CF1B2E0C299774469EE57F363B50E
SE,Aracaju,1070331,2016-10-30 20:21:00.070,27,371,2,QRBU:1:1 VRQR:1.4 ORIG:VOTA PROC:185 DTPL:20161030 PLEI:188 TURN:2 FASE:O UNFE:SE MUNI:31054 ZONA:27 SECA:371 IDUE:1070331 IDCA:084199955702140969454457 VERS:5.25.0.1 LOCA:1627 APTO:469 COMP:362 FALT:107 HBMA:37 DTAB:20161030 HRAB:080000 DTFC:20161030 HRFC:170239 IDEL:221 CARG:11 TIPO:0 VERC:201610190756 40:167 65:145 NOMI:312 BRAN:9 NULO:41 TOTC:362 HASH:839098B90EED561069C82FDFC4212A3FA2A780FFCFBBBC15ED15D1BAA0F17A067D791E148AD692C5E7C5D95D88F4A6F5923401D71E326A925996DEC543D67AAB ASSI:7560A3A7C3CD279356E7E13AAF9207888E04B95CFEB9E1F177469FE8BF1394B9F33DA0ED08E29531793862B02D26258B50195B060F835DA986FC8D7F56B7AA08
PE,Jaboatão Dos Guararapes,1068166,2016-10-30 20:16:23.297,101,380,2,QRBU:1:1 VRQR:1.4 ORIG:VOTA PROC:185 DTPL:20161030 PLEI:188 TURN:2 FASE:O UNFE:PE MUNI:24570 ZONA:101 SECA:380 IDUE:1068166 IDCA:986818817295491978666012 VERS:5.25.0.1 LOCA:1015 APTO:394 COMP:309 FALT:85 DTAB:20161030 HRAB:080000 DTFC:20161030 HRFC:170111 IDEL:221 CARG:11 TIPO:0 VERC:201610061907 12:121 22:130 NOMI:251 BRAN:27 NULO:31 TOTC:309 HASH:29855919CE2ED1B9C72A8291BE7802CA45037BBDB88E7FE8FF73D2FB6A67BFBC5AAA31387AEB59D835129FF2FAFED043C88DCC836E20017CE26AB9CDB86E891F ASSI:BCE7A7EFFA29B7F63B27B8AF759F2824662D719B5BFA12DE149F2845EECA53969E84E21DAE7B715E435971EA84BCF00BFD5BDD484859948E3915390B4F23AA03
SE,Aracaju,1033098,2016-10-30 20:23:50.267,27,387,2,QRBU:1:1 VRQR:1.4 ORIG:VOTA PROC:185 DTPL:20161030 PLEI:188 TURN:2 FASE:O UNFE:SE MUNI:31054 ZONA:27 SECA:387 IDUE:1033098 IDCA:185109785893140999402692 VERS:5.25.0.1 LOCA:1627 APTO:472 COMP:357 FALT:115 HBMA:46 DTAB:20161030 HRAB:080000 DTFC:20161030 HRFC:171246 IDEL:221 CARG:11 TIPO:0 VERC:201610190756 40:142 65:156 NOMI:298 BRAN:12 NULO:47 TOTC:357 HASH:BD39A1588A9F930CE347E7BEF55D5A5C55600B32D12EB002E0540DD58B6FA8BDA8FE00DEE43C7DDEC3B8B40DC304D1D6F3D28FE0F9F51E4249C39E616BBC4C2A ASSI:3EC4881C28326CCAE2A331E4A5CE753472ABB3A00D00F1E30F67AFA86843EEC2D8C4042C3CD10F7EB750CD1EF6DB4F9445DDD5BF3FB3F0DB32E3EFA45C9D130C
PE,Jaboatão Dos Guararapes,1070116,2016-10-30 20:31:03.263,101,388,2,QRBU:1:1 VRQR:1.4 ORIG:VOTA PROC:185 DTPL:20161030 PLEI:188 TURN:2 FASE:O UNFE:PE MUNI:24570 ZONA:101 SECA:388 IDUE:1070116 IDCA:340454059231826896230883 VERS:5.25.0.1 LOCA:1015 APTO:392 COMP:310 FALT:82 DTAB:20161030 HRAB:080000 DTFC:20161030 HRFC:170347 IDEL:221 CARG:11 TIPO:0 VERC:201610061907 12:125 22:131 NOMI:256 BRAN:24 NULO:30 TOTC:310 HASH:F72ECD0036E03A8BFAB0ABF5AB11C192DF099A234679BE8E4CA278DDB3065F496C710AFA1E5F7EFD9677F21E7CAA9CF548CD4171DC73ED11B62D1A34DFE766C6 ASSI:8326DA942193CFDB747E3AE20AED22B540032AEC86B5F80B1019EEC02252084C4084D0B4BF9700BC7BEACB776CBB9A0AA8E03326D61F34FFFACA16F52DA11600
SE,Aracaju,1076046,2016-10-30 20:20:30.003,27,393,2,QRBU:1:1 VRQR:1.4 ORIG:VOTA PROC:185 DTPL:20161030 PLEI:188 TURN:2 FASE:O UNFE:SE MUNI:31054 ZONA:27 SECA:393 IDUE:1076046 IDCA:932684163168160845612345 VERS:5.25.0.1 LOCA:1627 APTO:469 COMP:343 FALT:126 HBMA:36 DTAB:20161030 HRAB:080000 DTFC:20161030 HRFC:170246 IDEL:221 CARG:11 TIPO:0 VERC:201610190756 40:139 65:152 NOMI:291 BRAN:12 NULO:40 TOTC:343 HASH:72C8DAB1D0FC60A74FAACE0A083BD970880D33DECDAE4CF986D469BD11ECFD833BA5372E42D154B4ADB7E26B9578CA1E7A2B978CE6875A7FEF7ACA099335E25E ASSI:167DDEE1F2C856DFEBB8D9EE5FD10C438B88FE437A4DB11DB152E1E0F467D3F714E39322BE7871920B5C169A5AB83730FEC1B2DFA55FE525597B4B5F6095A107
PE,Jaboatão Dos Guararapes,1069908,2016-10-30 20:14:30.210,101,4,2,QRBU:1:1 VRQR:1.4 ORIG:VOTA PROC:185 DTPL:20161030 PLEI:188 TURN:2 FASE:O UNFE:PE MUNI:24570 ZONA:101 SECA:4 IDUE:1069908 IDCA:007020449151860008120653 VERS:5.25.0.1 LOCA:1015 APTO:395 COMP:303 FALT:92 DTAB:20161030 HRAB:080000 DTFC:20161030 HRFC:170115 IDEL:221 CARG:11 TIPO:0 VERC:201610061907 12:125 22:127 NOMI:252 BRAN:22 NULO:29 TOTC:303 HASH:3BE4AAA20709C48861CEE9ECD5681B4DE0CE524970E38EADC376941DC59EB67B767CD182A13161BC7E61D02174F331F8FE46E567B0F78BE16AB8BCB20B62E32F ASSI:121F2DDE134AE6CD0106ABFB7A34CC816E19F188ED3ACD56DE9F2F9265540D33AA7360CA9BCC6733A958FDF5B6E277D7C72816EFC923C0A4D846DD8A5807DA0F
PR,Maringá,1321533,2016-10-30 19:09:50.350,66,4,2,QRBU:1:1 VRQR:1.4 ORIG:VOTA PROC:185 DTPL:20161030 PLEI:188 TURN:2 FASE:O UNFE:PR MUNI:76910 ZONA:66 SECA:4 IDUE:1321533 IDCA:273235718345479374162051 VERS:5.25.0.1 LOCA:1015 APTO:345 COMP:273 FALT:72 HBMA:47 DTAB:20161030 HRAB:080000 DTFC:20161030 HRFC:170323 IDEL:221 CARG:11 TIPO:0 VERC:201610191155 11:147 12:121 NOMI:268 BRAN:3 NULO:2 TOTC:273 HASH:1963E994C70A17D9FEC644DC89FE783ADE4B43E925F7C69A13081D0EE1537438987F08713327E6F3D9F972C4441AF4A1921308725082955FB63940546708A499 ASSI:D410203790E5508AF92C14F8D6A172F455A7900DA8091D05A6CF7A4E293C532D5484DA8C831DFAA1E426A171604679D60CC66505AB052E1FC007DC0B6E8CE90E
AL,Maceió,1769169,2016-10-30 20:10:01.967,1,401,2,QRBU:1:1 VRQR:1.4 ORIG:VOTA PROC:185 DTPL:20161030 PLEI:188 TURN:2 FASE:O UNFE:AL MUNI:27855 ZONA:1 SECA:401 IDUE:1769169 IDCA:509161970977457772793551 VERS:5.25.0.1 LOCA:1783 APTO:407 COMP:329 FALT:78 HBMA:12 DTAB:20161030 HRAB:080000 DTFC:20161030 HRFC:170011 IDEL:221 CARG:11 TIPO:0 VERC:201610190734 15:118 45:150 NOMI:268 BRAN:11 NULO:50 TOTC:329 HASH:6454E598FE7997411F330EFF724E932FBF2BB169F076C3D052DCC2A2D52E8FAAF41079FFD99E574BCB6D81DA540DF5370956D327921AF6C5EC8C90978F497F73 ASSI:DA75D36A0BF72C7C28B72C86E0DAD4F3CA13BD8E5DD12CCE3EDF06C142D8F88F00EDC3D5593C5687F723858CC4F6378BCE5DF8CF986ADE8FAB22DA33B097C200
AL,Maceió,1013698,2016-10-30 20:17:07.923,1,412,2,QRBU:1:1 VRQR:1.4 ORIG:VOTA PROC:185 DTPL:20161030 PLEI:188 TURN:2 FASE:O UNFE:AL MUNI:27855 ZONA:1 SECA:412 IDUE:1013698 IDCA:721383373264039030133655 VERS:5.25.0.1 LOCA:1783 APTO:402 COMP:310 FALT:92 HBMA:30 DTAB:20161030 HRAB:080000 DTFC:20161030 HRFC:170239 IDEL:221 CARG:11 TIPO:0 VERC:201610190734 15:108 45:166 NOMI:274 BRAN:10 NULO:26 TOTC:310 HASH:4661C54D7B6C16DCE10CB604141C28EBC544E3D01887DC9609A714DE1D8350CCA4B3D268AF286075C66F4FB3C1DA434CFAD7DA06CEB964FDD777590E7DE8DA04 ASSI:FE66DD6F11DDC26223333E49389B1D5860006BB317F315B1438EC8AAA4350B645FB66A37D9AAD3B835CA33E562121939914D0C008A252A09A06FAB120A1B1509
SC,Florianópolis,1829879,2016-10-30 20:07:46.117,100,42,2,QRBU:1:1 VRQR:1.4 ORIG:VOTA PROC:185 DTPL:20161030 PLEI:188 TURN:2 FASE:O UNFE:SC MUNI:81051 ZONA:100 SECA:42 IDUE:1829879 IDCA:198028690129734438198710 VERS:5.25.0.1 LOCA:1090 APTO:335 COMP:280 FALT:55 HBMA:10 DTAB:20161030 HRAB:080000 DTFC:20161030 HRFC:170029 IDEL:221 CARG:11 TIPO:0 VERC:201610191258 11:173 15:61 NOMI:234 BRAN:7 NULO:39 TOTC:280 HASH:AEA98FAB554D450C6C493FD98A8AF65EDF54C0AE335E259CDE1CAC0501DE749CD0B95A6E1E17865C68CA1C233C0A8D8AF30F101A9646984392C6B90FBB5D796E ASSI:370F0199729656AD31E3CAB28B71CFFC651FC686F260EA96FE27F884F0D22B32351C1C533D22701A1193559B27D136EA52D6950C0BBD8D2BE0EF2C6A15882D0C
SE,Aracaju,1038487,2016-10-30 20:19:41.527,27,426,2,QRBU:1:1 VRQR:1.4 ORIG:VOTA PROC:185 DTPL:20161030 PLEI:188 TURN:2 FASE:O UNFE:SE MUNI:31054 ZONA:27 SECA:426 IDUE:1038487 IDCA:175008331050719297884910 VERS:5.25.0.1 LOCA:1627 APTO:480 COMP:370 FALT:110 HBMA:34 DTAB:20161030 HRAB:080000 DTFC:20161030 HRFC:170112 IDEL:221 CARG:11 TIPO:0 VERC:201610190756 40:155 65:154 NOMI:309 BRAN:11 NULO:50 TOTC:370 HASH:62BF1B2A429C99A9D3135443DAE6E744447EB4D29AE5A5FC99053522FDCB79C7127F4D96B108D2DBF20D0FAF5F9D5402B44648EACDB0649469DB262F6F98F60E ASSI:E085C8109F85B9D091C22DC07581CD2568A1935FF98653D0AAA4D92072C89DB45EC95CA2296B0B9EE757CA1EB533599411AF857F4E936A189A268F87F7574C01
AL,Maceió,1671082,2016-10-30 20:22:13.430,1,433,2,QRBU:1:1 VRQR:1.4 ORIG:VOTA PROC:185 DTPL:20161030 PLEI:188 TURN:2 FASE:O UNFE:AL MUNI:27855 ZONA:1 SECA:433 IDUE:1671082 IDCA:630474530677167206348524 VERS:5.25.0.1 LOCA:1783 APTO:405 COMP:336 FALT:69 HBMA:13 DTAB:20161030 HRAB:080000 DTFC:20161030 HRFC:170124 IDEL:221 CARG:11 TIPO:0 VERC:201610190734 15:121 45:161 NOMI:282 BRAN:16 NULO:38 TOTC:336 HASH:5F0C11644DC53FD121AC81C4D48B318BFFE49174F968FFED5F298391958DB6CC23C099AD93D1AD431CBC3F97D70A50EA7E274D8CD12B4ADE041A2F97343066A5 ASSI:29ED9510423CE65658389FFB5EFBE82486EF44F12A09F8ACD8712E4083D8314E5AFE7007C01EF3D4C4AE7A27B78BBF678BA7258A82C352A53FE39D2209B38603
SE,Aracaju,1024025,2016-10-30 20:11:11.447,27,438,2,QRBU:1:1 VRQR:1.4 ORIG:VOTA PROC:185 DTPL:20161030 PLEI:188 TURN:2 FASE:O UNFE:SE MUNI:31054 ZONA:27 SECA:438 IDUE:1024025 IDCA:710462160591786355426198 VERS:5.25.0.1 LOCA:1627 APTO:456 COMP:325 FALT:131 HBMA:22 DTAB:20161030 HRAB:080000 DTFC:20161030 HRFC:170005 IDEL:221 CARG:11 TIPO:0 VERC:201610190756 40:145 65:146 NOMI:291 BRAN:8 NULO:26 TOTC:325 HASH:BE1CF86B2DE3CD53ABCA1A755ABB24A68FE6BF2845A8B130ABBB47778ED2F7DC2BE570FCE7BB5632E1939C09984340026A8F07C3450D49093F03FD189F2FF790 ASSI:5EC9C4C0CC11A0315C6E582F5135B57B6740A223C3B8F639074C460D2C2C345F1ACF18BA08B239524A6EAC882803B48D6C65F07F6A685E5EC834F8E99A1B9A09
SE,Aracaju,1045248,2016-10-30 20:10:22.657,27,441,2,QRBU:1:1 VRQR:1.4 ORIG:VOTA PROC:185 DTPL:20161030 PLEI:188 TURN:2 FASE:O UNFE:SE MUNI:31054 ZONA:27 SECA:441 IDUE:1045248 IDCA:589149338678758367424971 VERS:5.25.0.1 LOCA:1627 APTO:456 COMP:320 FALT:136 HBMA:8 DTAB:20161030 HRAB:080000 DTFC:20161030 HRFC:170027 IDEL:221 CARG:11 TIPO:0 VERC:201610190756 40:140 65:137 NOMI:277 BRAN:8 NULO:35 TOTC:320 HASH:4953DA7894228007125D73F724B3907E90BAC74C7F60CBF528861494E0069F9E7AA9F302327926DCD9C090EDCE313BA6DAE42ED0B644EC26784DF6518ED8197A ASSI:A36A8F29E8FDC248CAE350412989AB4E2CDEDE618F66D2F21A69A47D0151D808EB38809574D6D78E90C19946FC8E066B5BDB6C0F11E87F34DE4798DC85E69C07
SE,Aracaju,1028516,2016-10-30 20:09:44.850,27,447,2,QRBU:1:1 VRQR:1.4 ORIG:VOTA PROC:185 DTPL:20161030 PLEI:188 TURN:2 FASE:O UNFE:SE MUNI:31054 ZONA:27 SECA:447 IDUE:1028516 IDCA:760967177901892100608679 VERS:5.25.0.1 LOCA:1627 APTO:476 COMP:339 FALT:137 HBMA:27 DTAB:20161030 HRAB:080000 DTFC:20161030 HRFC:170134 IDEL:221 CARG:11 TIPO:0 VERC:201610190756 40:152 65:135 NOMI:287 BRAN:8 NULO:44 TOTC:339 HASH:06777477CB1FD9E11C16E42980162B0C64D2F68E2D9A2712FAEE1DDC35BFBE643424711C984F3DB490F9AB8E58348B1DDFFED0DB9DE45A2364A50F521C0D27E4 ASSI:B74C9BC9652CA3D2CF037276251593A41E4EE6799DF951A5746C231CFF4E516E422FBDFBA867B5294B378DDCC094FC4125EF4BFEB5854A6D2551A640EFA2CA05
AL,Maceió,1763856,2016-10-30 20:43:24.813,1,449,2,QRBU:1:1 VRQR:1.4 ORIG:VOTA PROC:185 DTPL:20161030 PLEI:188 TURN:2 FASE:O UNFE:AL MUNI:27855 ZONA:1 SECA:449 IDUE:1763856 IDCA:963707961289792359403997 VERS:5.25.0.1 LOCA:1783 APTO:403 COMP:331 FALT:72 HBMA:34 DTAB:20161030 HRAB:080000 DTFC:20161030 HRFC:170127 IDEL:221 CARG:11 TIPO:0 VERC:201610190734 15:125 45:158 NOMI:283 BRAN:17 NULO:31 TOTC:331 HASH:5D1B64A719A8528C41EC7522C8AEEB7B0E0F69249E7CC60FE41D743D35DA18940A44F196299516DC2D3407DDADF2048943B8E4A6BCB289E1809ECA76AB5DA69D ASSI:D91EEC12D6921A23F4274219A849D46D433FCB70478CC2C8E257AD004C0B53E61470E27F69AC89DAFA21B83714EADD048AB220942EB05EACB5C3B9721B753601
AL,Maceió,1075762,2016-10-30 20:09:41.010,1,452,2,QRBU:1:1 VRQR:1.4 ORIG:VOTA PROC:185 DTPL:20161030 PLEI:188 TURN:2 FASE:O UNFE:AL MUNI:27855 ZONA:1 SECA:452 IDUE:1075762 IDCA:761787694096210142436577 VERS:5.25.0.1 LOCA:1783 APTO:404 COMP:332 FALT:72 HBMA:33 DTAB:20161030 HRAB:080000 DTFC:20161030 HRFC:170013 IDEL:221 CARG:11 TIPO:0 VERC:201610190734 15:137 45:150 NOMI:287 BRAN:8 NULO:37 TOTC:332 HASH:6582111E24CA49ED2940E501B9AA48AF665ABA7350EB71578B677A5CED780619CEA2AF9090052799C2F17C6B84B489DAA60F09CD28187E5AB9A42BC3FEB286DC ASSI:5F5FCD18F17CC17209E8A8EB5B88804680AB11D2A452DF13B26A7CA7DE16BC6DE96643163D43AD453591DCB4269DD126FB2C4DB074DA3539163792F305D67E09
RJ,Nova Iguaçu,1030353,2016-10-30 19:32:55.790,82,478,2,QRBU:1:1 VRQR:1.4 ORIG:VOTA PROC:185 DTPL:20161030 PLEI:188 TURN:2 FASE:O UNFE:RJ MUNI:58696 ZONA:82 SECA:478 AGRE:713 IDUE:1030353 IDCA:790157522479516758249644 VERS:5.25.0.1 LOCA:2330 APTO:382 COMP:292 FALT:90 DTAB:20161030 HRAB:080000 DTFC:20161030 HRFC:170011 IDEL:221 CARG:11 TIPO:0 VERC:201610190903 15:123 22:123 NOMI:246 BRAN:9 NULO:37 TOTC:292 HASH:99B860FDD6756C61B6509CA8E09CF7BA93D37D8AB34166EF114BE750E6651ABBB65D43B767D6182DCA11BAF47A115DF87C8DD3EBEC5DA515AF80C2747BDF46F7 ASSI:E48C30400C7A31B6DA87E576D7B206818C6893419DADFE046E79FFB8D3E789351D820C396E2CE6AD56615F85DA2955EC8BECE860326AF4628B1A867659A8B409
SC,Blumenau,1769470,2016-10-30 19:06:36.570,88,48,2,QRBU:1:1 VRQR:1.4 ORIG:VOTA PROC:185 DTPL:20161030 PLEI:188 TURN:2 FASE:O UNFE:SC MUNI:80470 ZONA:88 SECA:48 IDUE:1769470 IDCA:453889615552352857273236 VERS:5.25.0.1 LOCA:1317 APTO:273 COMP:248 FALT:25 HBMA:21 DTAB:20161030 HRAB:080000 DTFC:20161030 HRFC:170342 IDEL:221 CARG:11 TIPO:0 VERC:201610191300 45:137 55:91 NOMI:228 BRAN:2 NULO:18 TOTC:248 HASH:B30271DFE97547DB900F64B9EF42DBD73648972490B640ABE59D09FF347E1D15002736B156D4E3A808CF97B41371F7B0982A44C7583186578F9C7C25F93265EE ASSI:2AF689A6BBE528B752BF6DC55EE83EF92F8358EBE2426C20954ADAE701595C8054864F1F4B7EE23DA395076CEAA50E0A08D3DAD3E3DD0B32AF1C47161DF4D10A
MS,Campo Grande,1663198,2016-10-31 09:22:50.080,8,481,2,QRBU:1:1 VRQR:1.4 ORIG:VOTA PROC:185 DTPL:20161030 PLEI:188 TURN:2 FASE:O UNFE:MS MUNI:90514 ZONA:8 SECA:481 IDUE:1663198 IDCA:735461769576052816661491 VERS:5.25.0.1 LOCA:1627 APTO:393 COMP:284 FALT:109 DTAB:20161030 HRAB:080000 DTFC:20161030 HRFC:170034 IDEL:221 CARG:11 TIPO:0 VERC:201610191226 45:138 55:112 NOMI:250 BRAN:7 NULO:27 TOTC:284 HASH:C93BC44E1252176E09F45E417E0531B281126600D2CC05BB6C083F9096A2E9C8731F77CB45DD6F1429417FEDB2BAF75F0882309F0440DBD58BB22B10F44865AA ASSI:E19805CF34483A6DED53D62B4B52DE7BBB1666FBC001D339BB100C2A67D4293340EE32D37D1A839329EB89030FEA3C8E74565071ACCDF5A5B41E2C899393B20E
MS,Campo Grande,1660489,2016-10-31 09:21:38.843,8,495,2,QRBU:1:1 VRQR:1.4 ORIG:VOTA PROC:185 DTPL:20161030 PLEI:188 TURN:2 FASE:O UNFE:MS MUNI:90514 ZONA:8 SECA:495 IDUE:1660489 IDCA:008188541486792028042793 VERS:5.25.0.1 LOCA:1228 APTO:411 COMP:279 FALT:132 DTAB:20161030 HRAB:080000 DTFC:20161030 HRFC:170422 IDEL:221 CARG:11 TIPO:0 VERC:201610191226 45:116 55:112 NOMI:228 BRAN:10 NULO:41 TOTC:279 HASH:B38F57F8B217B2485E3DD1C7AD7C8C8906E62FC097BE5F18F33C6707A7913A2601D6EB916E47DE36F8941C95900AE9D5E01932580E6509B19372BD3C9397ED75 ASSI:51ACFEC406F3D59C9B41FD7D7526AF84BF66D2568F096F861E94CA759347509C41BD1098C484A17674D2E4DC0587F269D9FF5A2066D540A1DC98B28043EE3B05
PE,Jaboatão Dos Guararapes,1060156,2016-10-30 20:13:51.623,101,5,2,QRBU:1:1 VRQR:1.4 ORIG:VOTA PROC:185 DTPL:20161030 PLEI:188 TURN:2 FASE:O UNFE:PE MUNI:24570 ZONA:101 SECA:5 IDUE:1060156 IDCA:219141761272835883116967 VERS:5.25.0.1 LOCA:1015 APTO:389 COMP:276 FALT:113 DTAB:20161030 HRAB:080000 DTFC:20161030 HRFC:170227 IDEL:221 CARG:11 TIPO:0 VERC:201610061907 12:96 22:127 NOMI:223 BRAN:18 NULO:35 TOTC:276 HASH:00FD6050CC7E82345FB41A14C6C75D131E5AA3B5ED9EECA8A52BB9953A06BAF6EA9953B13F959F28326BA8336EEB540064ABF558BF1EA11B6DB0A4DCD59BF332 ASSI:CCB9CB79981224E00596D792D849A361A56B2B8F8792F27061866856CA7C8FEFF64E669AFF01F3F1AC16BBF816295D0AE81E91D539A3581E4F38034C7C43090D
PR,Maringá,1317803,2016-10-30 19:10:39.407,66,5,2,QRBU:1:1 VRQR:1.4 ORIG:VOTA PROC:185 DTPL:20161030 PLEI:188 TURN:2 FASE:O UNFE:PR MUNI:76910 ZONA:66 SECA:5 IDUE:1317803 IDCA:111619669829264614995706 VERS:5.25.0.1 LOCA:1015 APTO:342 COMP:286 FALT:56 HBMA:43 DTAB:20161030 HRAB:080000 DTFC:20161030 HRFC:170014 IDEL:221 CARG:11 TIPO:0 VERC:201610191155 11:171 12:104 NOMI:275 BRAN:3 NULO:8 TOTC:286 HASH:9CE54CAE49CCF3C8A5C77A89241BEF39DF5C75CDBBA7F9757F9B050216F2F24D98429E3C0A7C6D63D051E52649ED8CB4182ADE6ACFFE77C40CF52EE4BD1C1248 ASSI:9FC74F87AB4F2A96F01373DE47FA9CA2DA71CDED76E0729C8ABDF7D01625159E8C0060A86B9F977594646E59CEBB4D511D5B0F8CF0CA8063E4C82F3FF555390D
MS,Campo Grande,1664864,2016-10-31 09:19:45.217,8,510,2,QRBU:1:1 VRQR:1.4 ORIG:VOTA PROC:185 DTPL:20161030 PLEI:188 TURN:2 FASE:O UNFE:MS MUNI:90514 ZONA:8 SECA:510 IDUE:1664864 IDCA:058693571650666091590434 VERS:5.25.0.1 LOCA:1228 APTO:395 COMP:320 FALT:75 DTAB:20161030 HRAB:080000 DTFC:20161030 HRFC:170039 IDEL:221 CARG:11 TIPO:0 VERC:201610191226 45:134 55:135 NOMI:269 BRAN:19 NULO:32 TOTC:320 HASH:1291B64FBE52DDE69DC1551D9D491D9A6CED0F6F2A82289D37CC04AC0744D0B73E2466C0C4C045DAD0D10189BA855107401084C14C15588537E5F37F4C4DF160 ASSI:F5CFCB3B5FCA5EAA87375D15DE2FC4046A2CBDF7CD971315BF46E3B968CBBEA1176D677EB59469724F6118DD95F9A40DB210AE5247244246619A46CE5784AC02
PE,Jaboatão Dos Guararapes,1181783,2016-10-30 20:16:39.253,101,522,2,QRBU:1:1 VRQR:1.4 ORIG:VOTA PROC:185 DTPL:20161030 PLEI:188 TURN:2 FASE:O UNFE:PE MUNI:24570 ZONA:101 SECA:522 IDUE:1181783 IDCA:996919807605820911312991 VERS:5.25.0.1 LOCA:1015 APTO:390 COMP:306 FALT:84 DTAB:20161030 HRAB:080000 DTFC:20161030 HRFC:170058 IDEL:221 CARG:11 TIPO:0 VERC:201610061907 12:125 22:134 NOMI:259 BRAN:13 NULO:34 TOTC:306 HASH:0645202E62C218D648C902FA2DC9F1F39E327CD5EA7C6D66A939A102A791013F368991952B8CB3DBB5CC4FD4E4CA62C438F82CCD3EAF8FFAB83541BBCC2C10B3 ASSI:AA70F306F8BCD9D22F4AC075BDC0D19428CEAD9650B8B251C414327504B89D1B6857F08684B511551F9DC690783FAFCA9D1DED8CC5E06070F6A516650F5B3E05
PE,Jaboatão Dos Guararapes,1186291,2016-10-30 20:31:52.327,101,544,2,QRBU:1:1 VRQR:1.4 ORIG:VOTA PROC:185 DTPL:20161030 PLEI:188 TURN:2 FASE:O UNFE:PE MUNI:24570 ZONA:101 SECA:544 IDUE:1186291 IDCA:087828258804406352354512 VERS:5.25.0.1 LOCA:1015 APTO:388 COMP:308 FALT:80 DTAB:20161030 HRAB:080000 DTFC:20161030 HRFC:170037 IDEL:221 CARG:11 TIPO:0 VERC:201610061907 12:129 22:138 NOMI:267 BRAN:17 NULO:24 TOTC:308 HASH:4FB0DDFB006E7F60BD0B53CC14064FDB9E44561CDCD3C866783E97F8E08BC6437BD68B5291903D2641EEF27D596249F77C26BBFE07C0618A82E8E40335CE67BC ASSI:3279091F343E52FEA7EB9D607F9117D56200ECCF3B826AF926AFEE16639FF07F84402D22DF751E0DCECF2F73B906F746DBA35A1E5C3663A04B4FDFE5DAD3C40A
RJ,Nova Iguaçu,1003003,2016-10-30 20:59:46.320,84,545,2,QRBU:1:1 VRQR:1.4 ORIG:VOTA PROC:185 DTPL:20161030 PLEI:188 TURN:2 FASE:O UNFE:RJ MUNI:58696 ZONA:84 SECA:545 IDUE:1003003 IDCA:911391195450122439075941 VERS:5.25.0.1 LOCA:2224 APTO:390 COMP:286 FALT:104 DTAB:20161030 HRAB:093543 DTFC:20161030 HRFC:170002 IDEL:221 CARG:11 TIPO:0 VERC:201610190903 15:81 22:173 NOMI:254 BRAN:9 NULO:23 TOTC:286 HASH:3336050BF7BA97482278A1C25CE85294EA24EDC4748A53FDD6402630454CC1592FFBF8854BF6A1EFCD6A89C460E42460990CF3B61A65F6FF77192F8629B92257 ASSI:2353BB1DEC43C7F304A707CA2DD81456B1D11FB78BA6191C4DE3A9F238D386BDE286D05B81282D60920487A7BA966E7CE745339E2FCAA0ED214392422F0E1D04
PE,Jaboatão Dos Guararapes,1072539,2016-10-30 20:14:19.790,101,578,2,QRBU:1:1 VRQR:1.4 ORIG:VOTA PROC:185 DTPL:20161030 PLEI:188 TURN:2 FASE:O UNFE:PE MUNI:24570 ZONA:101 SECA:578 IDUE:1072539 IDCA:057525875887846054287942 VERS:5.25.0.1 LOCA:1643 APTO:394 COMP:316 FALT:78 DTAB:20161030 HRAB:080000 DTFC:20161030 HRFC:170112 IDEL:221 CARG:11 TIPO:0 VERC:201610061907 12:112 22:144 NOMI:256 BRAN:16 NULO:44 TOTC:316 HASH:1D6F52531147B9EBA46B997331D0D5B2A6094A082F8D9C2F387664BA823B80146BB48BC049E3C00D45A6E678AC5642FB52DF545FC00D82553EA1B0D44ECF1F9E ASSI:59A27A2C2F66CE16DC679154956833B738B5F689211D8481A243ACAF1BD063692574AD696B9584D2677F1C312CB4F036E21E5213D0D2B3203373D2245B03470C
PE,Jaboatão Dos Guararapes,1185157,2016-10-30 20:29:56.897,101,6,2,QRBU:1:1 VRQR:1.4 ORIG:VOTA PROC:185 DTPL:20161030 PLEI:188 TURN:2 FASE:O UNFE:PE MUNI:24570 ZONA:101 SECA:6 IDUE:1185157 IDCA:148434808865258957699691 VERS:5.25.0.1 LOCA:1015 APTO:390 COMP:294 FALT:96 DTAB:20161030 HRAB:080000 DTFC:20161030 HRFC:170012 IDEL:221 CARG:11 TIPO:0 VERC:201610061907 12:111 22:137 NOMI:248 BRAN:19 NULO:27 TOTC:294 HASH:34F9B90C23F7B6FAFFB2863152F0352D2683B865FE63EA9251E0898F2A516681154C2D7F33FB44EA4166925AF7117AEE7B78E9C0981FE95AC7514DCA0F1B4082 ASSI:5F2786715DB9E24590706D421C3F8656C81D295323E267891C12F24CF7DBCDFBD6516B3CA8CA278909098C0C3D8FFEC4FA58B785A94AD7D4E0AEB5BC23D8AB03
PR,Maringá,1317973,2016-10-30 19:10:28.270,66,6,2,QRBU:1:1 VRQR:1.4 ORIG:VOTA PROC:185 DTPL:20161030 PLEI:188 TURN:2 FASE:O UNFE:PR MUNI:76910 ZONA:66 SECA:6 IDUE:1317973 IDCA:212629879239819694773116 VERS:5.25.0.1 LOCA:1015 APTO:346 COMP:266 FALT:80 HBMA:29 DTAB:20161030 HRAB:080000 DTFC:20161030 HRFC:170010 IDEL:221 CARG:11 TIPO:0 VERC:201610191155 11:156 12:99 NOMI:255 BRAN:5 NULO:6 TOTC:266 HASH:FBBF13156BD897B363FDA6E95DFAE0385AAC0DB1889254E93696114A25D7D70A7AF7B39C8F37195349BA15388883E2B62F2549EEFE36BAC28EA88339885AE0CC ASSI:D1F291EF3F0EB9D2A0425AE8F4BAC5BB362BBE6F1EFD3F6DB6D49316C14372F105BE098A9A1525BD37318D922BC47168245B98690C3627AC8440844A5F6AD10B
PE,Jaboatão Dos Guararapes,1068476,2016-10-30 20:34:43.900,101,7,2,QRBU:1:1 VRQR:1.4 ORIG:VOTA PROC:185 DTPL:20161030 PLEI:188 TURN:2 FASE:O UNFE:PE MUNI:24570 ZONA:101 SECA:7 IDUE:1068476 IDCA:300050073681108544841025 VERS:5.25.0.1 LOCA:1015 APTO:392 COMP:290 FALT:102 DTAB:20161030 HRAB:080000 DTFC:20161030 HRFC:170227 IDEL:221 CARG:11 TIPO:0 VERC:201610061907 12:113 22:134 NOMI:247 BRAN:19 NULO:24 TOTC:290 HASH:7AFB79ED6D6CC5266F6551C59F03C1952059B83A91DBB1DD89BFEF6512A010BE446971251ED64BADD1D54362A3B864A665C516F0CBB09E38A659641232F5CC94 ASSI:66185A38626EA6FC6843808252EB747C88D53156AF6DCB5C387763D386E69FC7064E09DE9DE009271709A5EB7C3E1F66BE5470D7B560AF0AF7263832F7977902
PR,Maringá,1282667,2016-10-30 19:12:48.537,66,7,2,QRBU:1:1 VRQR:1.4 ORIG:VOTA PROC:185 DTPL:20161030 PLEI:188 TURN:2 FASE:O UNFE:PR MUNI:76910 ZONA:66 SECA:7 IDUE:1282667 IDCA:586366355876060388815253 VERS:5.25.0.1 LOCA:1015 APTO:344 COMP:272 FALT:72 HBMA:53 DTAB:20161030 HRAB:080000 DTFC:20161030 HRFC:170147 IDEL:221 CARG:11 TIPO:0 VERC:201610191155 11:148 12:110 NOMI:258 BRAN:5 NULO:9 TOTC:272 HASH:1301B79784E0875990E24847FCC2493BB6B93EB8D5593D50ADBE4D2EEE00EC8CBDAE563A38BEAF1C5364FA69A11C0CC272587557B239845E8B25DEB92AD18647 ASSI:2C531225880C1ADF33567321FBC48F3ABF3DB6CBC0017D8B18411DBA09381C577E5906BDC08B00FFE396A1183EDBB510801CE4350E1F1C0ACE93C757FF48DD05
MS,Campo Grande,1664105,2016-10-31 09:22:41.367,8,72,2,QRBU:1:1 VRQR:1.4 ORIG:VOTA PROC:185 DTPL:20161030 PLEI:188 TURN:2 FASE:O UNFE:MS MUNI:90514 ZONA:8 SECA:72 IDUE:1664105 IDCA:664754377198081105262942 VERS:5.25.0.1 LOCA:1228 APTO:389 COMP:280 FALT:109 DTAB:20161030 HRAB:080000 DTFC:20161030 HRFC:170116 IDEL:221 CARG:11 TIPO:0 VERC:201610191226 45:109 55:141 NOMI:250 BRAN:7 NULO:23 TOTC:280 HASH:C471E4B2A38F6FDE5B52246FF5EA0BCB08A59F514FBE33F67DC1F22A468261BF3285DA37EF30C3135184FB0E34141727C8AE952BEB9472EE29223D46EEAF8AE0 ASSI:BD33DD4D44B9FD6310ABB63A83495BBB75A924315BD1BE16DFF3C0F6A4DBEFB9DAEAD84CC65046ABD9EFCE3D562C488261F3BFBB8D6FAA719C39B242117A9A0A
MS,Campo Grande,1662600,2016-10-31 09:21:31.413,8,74,2,QRBU:1:1 VRQR:1.4 ORIG:VOTA PROC:185 DTPL:20161030 PLEI:188 TURN:2 FASE:O UNFE:MS MUNI:90514 ZONA:8 SECA:74 IDUE:1662600 IDCA:190007129651672846460253 VERS:5.25.0.1 LOCA:1228 APTO:404 COMP:295 FALT:109 DTAB:20161030 HRAB:080000 DTFC:20161030 HRFC:170137 IDEL:221 CARG:11 TIPO:0 VERC:201610191226 45:115 55:141 NOMI:256 BRAN:10 NULO:29 TOTC:295 HASH:D59ED3FA8BEEE50E3FA2DA1D282F62279AE8EBBF11F3D8933F35AEB8AACBFCAF56EA5595F546A1AE1B55214A19D399F7282D87079D353CE2719931485126AB63 ASSI:D542C2F72D176B7746E594BBF0F27B449663DE1517767A7EFF135EA2AAC770857257566AB83456DE1195A8E35CF3C17CF0EE806A06BE74FE093E8A968B2A6E05
RS,Canoas,1154628,2016-10-30 19:28:08.933,171,76,2,QRBU:1:1 VRQR:1.4 ORIG:VOTA PROC:185 DTPL:20161030 PLEI:188 TURN:2 FASE:O UNFE:RS MUNI:85898 ZONA:171 SECA:76 IDUE:1154628 IDCA:420211578599481716549125 VERS:5.25.0.1 LOCA:1147 APTO:343 COMP:291 FALT:52 HBMA:28 DTAB:20161030 HRAB:080000 DTFC:20161030 HRFC:170023 IDEL:221 CARG:11 TIPO:0 VERC:201610182111 10:97 14:135 NOMI:232 BRAN:25 NULO:34 TOTC:291 HASH:05174E84EB0BAA8BBA888897E22DBFB6594AAABE80912BB2314212F3432DB9821E3157D59420E7E87F177DDF1EA93A4DD6BD0759371C7AD2852AD89B73ED275D ASSI:17C69574189AD35F55A5817FE52EF8697D794A85CA3361508CA595D15EA5EEE9BD1907EC8F65A022C0591083689BFBD3CE300192A5EEE6D26DBD1CB11EB7CC05
PE,Jaboatão Dos Guararapes,1064025,2016-10-30 20:34:55.407,101,8,2,QRBU:1:1 VRQR:1.4 ORIG:VOTA PROC:185 DTPL:20161030 PLEI:188 TURN:2 FASE:O UNFE:PE MUNI:24570 ZONA:101 SECA:8 IDUE:1064025 IDCA:481868362699232142155629 VERS:5.25.0.1 LOCA:1015 APTO:391 COMP:288 FALT:103 DTAB:20161030 HRAB:080000 DTFC:20161030 HRFC:170049 IDEL:221 CARG:11 TIPO:0 VERC:201610061907 12:105 22:139 NOMI:244 BRAN:12 NULO:32 TOTC:288 HASH:AA533C0703EBDEB42C6B2327732B1366E3A00CB03866D5BF1236FCEA7CA29EE78A9818377FD2DF1506803882D15C17EAF7DF64EA466C8C4ADD9511C659BA2B97 ASSI:75109911BB6A5534FB85900DB64BB47F58D2140FBF9FBFB61FF263C0A5913FC605C0024B97ABCF65000ECD3C9D01676D48D272EBB3BA8D0217C4FC2357E8500A
PR,Maringá,1241143,2016-10-30 19:13:49.540,66,8,2,QRBU:1:1 VRQR:1.4 ORIG:VOTA PROC:185 DTPL:20161030 PLEI:188 TURN:2 FASE:O UNFE:PR MUNI:76910 ZONA:66 SECA:8 IDUE:1241143 IDCA:455053339963423432561896 VERS:5.25.0.1 LOCA:1015 APTO:345 COMP:284 FALT:61 HBMA:41 DTAB:20161030 HRAB:080000 DTFC:20161030 HRFC:170147 IDEL:221 CARG:11 TIPO:0 VERC:201610191155 11:171 12:104 NOMI:275 BRAN:2 NULO:7 TOTC:284 HASH:8106D69FE71C7C542C6A9385E2AB886528FDC96FF8B91C0AD0CDB7959899B34C13E72BE4BC34584893B674DB187453DC5B31B2B4C229A109A680EC7BECB96043 ASSI:063A484E03466C51E4989092062E6370532CBEDF8C90D1BBCBD25DF21A5A8D93F5D8DD4D14AEEC322AAC1E10A81F3B614DA9F3245C7630A7574064B06B316205
RJ,Nova Iguaçu,1088446,2016-10-30 19:20:09.020,157,81,2,QRBU:1:1 VRQR:1.4 ORIG:VOTA PROC:185 DTPL:20161030 PLEI:188 TURN:2 FASE:O UNFE:RJ MUNI:58696 ZONA:157 SECA:81 IDUE:1088446 IDCA:648685315911169263187133 VERS:5.25.0.1 LOCA:1120 APTO:399 COMP:282 FALT:117 DTAB:20161030 HRAB:080000 DTFC:20161030 HRFC:170026 IDEL:221 CARG:11 TIPO:0 VERC:201610190903 15:117 22:120 NOMI:237 BRAN:6 NULO:39 TOTC:282 HASH:2C06229D8A7019733F07AFBCC86EC37C8B556D55644DDCFF47C4DB13E00E885A52069C0895525D730F23E81F90D36D443516A2593DDD029B8BD64C2D72399E91 ASSI:38A09D62ACE0506E9C07406106C6465CEB1ABC0D976A87CC16668EDDF809A67647622599F3F9CE25724B63EA93DBC738EFDAD684D245DAA8CD40623BC6C43F0D
RJ,Nova Iguaçu,1122792,2016-10-30 19:19:40.003,157,82,2,QRBU:1:1 VRQR:1.4 ORIG:VOTA PROC:185 DTPL:20161030 PLEI:188 TURN:2 FASE:O UNFE:RJ MUNI:58696 ZONA:157 SECA:82 IDUE:1122792 IDCA:426463206489063702626399 VERS:5.25.0.1 LOCA:1120 APTO:397 COMP:284 FALT:113 DTAB:20161030 HRAB:080000 DTFC:20161030 HRFC:170130 IDEL:221 CARG:11 TIPO:0 VERC:201610190903 15:134 22:104 NOMI:238 BRAN:9 NULO:37 TOTC:284 HASH:8AAB02BA3B0B252F3AF341B3B134304E46EC362BBD7F306912B608459C8865EFEA886AC6A6A64F934C3825C4C55BA084A905D0A95C47FAD20FFD9140083C9728 ASSI:55C96F761166A894CD1C7E0B555DDB08CDCB215C9A32826FE8A85C2F68AF71218C18A8C4F1F6A5149AE2836CB94D866D8669D865B6DFEEAB6361896D473A5A03
RJ,Rio De Janeiro,1232727,2016-10-30 20:16:06.313,229,86,2,QRBU:1:1 VRQR:1.4 ORIG:VOTA PROC:185 DTPL:20161030 PLEI:188 TURN:2 FASE:O UNFE:RJ MUNI:60011 ZONA:229 SECA:86 IDUE:1232727 IDCA:038934251183691911096445 VERS:5.25.0.1 LOCA:1139 APTO:368 COMP:255 FALT:113 DTAB:20161030 HRAB:080000 DTFC:20161030 HRFC:170012 IDEL:221 CARG:11 TIPO:0 VERC:201610190905 10:88 50:100 NOMI:188 BRAN:14 NULO:53 TOTC:255 HASH:E871479A24F450C69DA5165673C38C88BF7AAEC0E707A5ACF0BE2752A6998988568E5CE0882BE44622A4085346AD4445C8BADA8AA72F6A8896A525FA84AFD3CC ASSI:813D636175D8EB2590D1F663AB5F1AA83D348CA95BCC21E1C3FC8A79B51A06CF138F41D7479918DE513C13641A94BA143422DA99FBF3FCCFFB20C7C49B95D70F
RJ,Rio De Janeiro,1795046,2016-10-30 19:15:54.057,246,93,2,QRBU:1:1 VRQR:1.4 ORIG:VOTA PROC:185 DTPL:20161030 PLEI:188 TURN:2 FASE:O UNFE:RJ MUNI:60011 ZONA:246 SECA:93 IDUE:1795046 IDCA:241036202466921796175593 VERS:5.25.0.1 LOCA:1201 APTO:479 COMP:411 FALT:68 DTAB:20161030 HRAB:080000 DTFC:20161030 HRFC:170445 IDEL:221 CARG:11 TIPO:0 VERC:201610190905 10:280 50:56 NOMI:336 BRAN:13 NULO:62 TOTC:411 HASH:A0145C417EFA1670CD92B1424AD45396EF2A6C13D468BFA593AEE6D89D38ADFCFD4CE047C79E18054D86F03D636C873E3E1514BDBC38619E8007BFF266E64EA0 ASSI:4DE12EA45C954C78851FB8E39F8C7606B54336C712216C2ADF3A1A5276D9071B10B82E247B6DFAF0F52C8C81866DFA52636DE4C543C62EA661B5AEEEEF36EA07
